tomato_id,label,class_name,is_cherry,source_file,transit_len,valid_slices,IR1_mean,IR2_mean,Green_mean,Red_mean,Blue_mean,IR3_mean,SAT_mean,HUE_mean,IR1_std,Green_std,Red_std,SAT_std,HUE_std,Red_Green_ratio,IR1_IR2_ratio,IR3_IR2_ratio
tomato_0001,0,Pomodoro Verde Standard,0,01_pomodoro_verde.csv,24,9,2770.5555555555557,2081.222222222222,1523.888888888889,1920.7777777777778,635.1111111111111,2819.3333333333335,8420.888888888889,1434.6666666666667,1258.2325014788712,688.2184327022279,871.6445344545243,201.41092599735276,73.59857335573835,1.2604447602304025,1.3312156254439482,1.3546527082420188
tomato_0002,0,Pomodoro Verde Standard,0,01_pomodoro_verde.csv,9,4,1339.0,1012.75,764.75,946.5,333.0,1344.5,8093.5,1449.25,150.82219111700152,77.68901681276017,99.31263766510283,112.5892238774801,33.509948771471834,1.2376593496219765,1.3221426677645751,1.327573425548522
tomato_0003,0,Pomodoro Verde Standard,0,01_pomodoro_verde.csv,12,5,1355.2,1060.2,1022.4,1073.0,610.8,1393.2,5363.4,1833.2,297.5847778365016,193.9492201582672,199.32260283269432,159.30568100353483,62.21896816887917,1.0494913825362737,1.278249374851449,1.314091668420188
tomato_0004,0,Pomodoro Verde Standard,0,01_pomodoro_verde.csv,21,8,3017.0,2370.5,2292.125,2372.375,1440.375,3062.875,4992.875,1896.375,1325.8364475734877,973.5628877625581,1011.4135705606711,251.550300280935,25.56189966113071,1.0350111750667559,1.2727272673582481,1.2920797245641014
tomato_0005,0,Pomodoro Verde Standard,0,01_pomodoro_verde.csv,24,9,2904.8888888888887,2147.5555555555557,1998.0,2121.4444444444443,1097.3333333333333,2989.8888888888887,6090.111111111111,1812.888888888889,1251.2247444448624,853.1759783303794,900.2086023682388,293.9287517598629,33.72849108856059,1.0617840009142163,1.3526490003239644,1.3922288842456227
tomato_0006,0,Pomodoro Verde Standard,0,01_pomodoro_verde.csv,15,6,1815.5,1366.1666666666667,1181.5,1278.5,629.1666666666666,1833.1666666666667,6347.666666666667,1764.5,429.80262912178654,269.6328985862074,290.0680954534642,74.06123592451497,40.46109242222706,1.082099017502336,1.3289008076449862,1.3418323678772792
tomato_0007,0,Pomodoro Verde Standard,0,01_pomodoro_verde.csv,24,9,2787.1111111111113,2082.0,1898.0,2118.8888888888887,1018.4444444444445,2807.8888888888887,6517.0,1650.4444444444443,1295.5236821884466,880.1448744382939,987.4195466523392,126.89365626381802,25.426910503987262,1.1163798091280772,1.338670075756201,1.3486497960626276
tomato_0008,0,Pomodoro Verde Standard,0,01_pomodoro_verde.csv,33,8,3606.75,2861.375,2813.125,2990.75,1755.75,3784.625,5185.0,1770.0,1457.413437762747,1136.5693288513967,1209.2301860510856,378.1099613302232,0.0,1.0631415203265353,1.2604953867965736,1.3226595559035095
tomato_0009,0,Pomodoro Verde Standard,0,01_pomodoro_verde.csv,24,9,2105.222222222222,1547.2222222222222,1321.4444444444443,1662.7777777777778,563.5555555555555,2215.5555555555557,8232.333333333334,1423.111111111111,894.7169633154634,551.3309149483437,701.0400804835944,110.54750110246727,49.321507591628944,1.2583031940429423,1.3606463107749969,1.4319569027737078
tomato_0010,0,Pomodoro Verde Standard,0,01_pomodoro_verde.csv,24,9,2545.0,1929.4444444444443,1593.0,1960.4444444444443,765.2222222222222,2588.1111111111113,7714.111111111111,1423.2222222222222,1081.6435410984527,671.0512275527108,813.1033315500422,288.78601266527977,59.97244737747864,1.230661915968503,1.3190325298754433,1.3413763247495614
tomato_0011,0,Pomodoro Verde Standard,0,01_pomodoro_verde.csv,21,8,2347.375,1801.5,1679.75,1902.5,927.75,2422.875,6390.5,1596.75,925.2196553869171,641.5496306377462,735.0236147809908,166.4529105440077,45.3895834494467,1.132609012456562,1.3030113721731258,1.344920891785063
tomato_0012,0,Pomodoro Verde Standard,0,01_pomodoro_verde.csv,24,9,2976.3333333333335,2270.3333333333335,2162.5555555555557,2444.3333333333335,1193.7777777777778,3102.4444444444443,6473.888888888889,1608.2222222222222,1271.3150671647056,943.9257268333022,1064.157530631626,528.7124559825606,99.71807481316736,1.130298509904595,1.3109675467142816,1.3665149452852567
tomato_0013,0,Pomodoro Verde Standard,0,01_pomodoro_verde.csv,12,5,1573.6,1256.0,1087.8,1146.6,674.4,1594.8,5165.6,1805.2,295.29527595273174,188.4295624364712,184.54078140075165,280.4011412244964,88.840868973688,1.054054044364276,1.252866232063167,1.2697452128204998
tomato_0014,0,Pomodoro Verde Standard,0,01_pomodoro_verde.csv,27,10,3268.9,2521.3,2278.5,2447.4,1293.6,3372.9,5912.3,1780.7,1644.508535162473,1124.0610155443817,1221.0019747003778,365.37957432419967,137.11718427032486,1.074127710888182,1.2965136981060812,1.337762260192114
tomato_0015,0,Pomodoro Verde Standard,0,01_pomodoro_verde.csv,30,11,3676.6363636363635,2835.2727272727275,2642.818181818182,2760.818181818182,1606.7272727272727,3782.818181818182,5339.818181818182,1855.8181818181818,1792.0137986481727,1291.4621804901465,1340.9310062924055,363.5672752550257,32.532501231286176,1.0446493029166033,1.2967487449454158,1.3341990462113025
tomato_0016,0,Pomodoro Verde Standard,0,01_pomodoro_verde.csv,24,9,2876.1111111111113,2169.222222222222,1882.7777777777778,2356.4444444444443,836.6666666666666,3066.6666666666665,8079.555555555556,1423.0,1180.0373346259478,747.679539939702,945.4155318048132,209.9488694367697,39.131189606246316,1.2515786301184963,1.3258720422410242,1.4137171476087411
tomato_0017,0,Pomodoro Verde Standard,0,01_pomodoro_verde.csv,24,9,3343.8888888888887,2532.777777777778,2125.8888888888887,2552.222222222222,1040.888888888889,3406.8888888888887,7442.0,1488.888888888889,1388.2401129167501,865.8061914257204,1050.5184169944116,328.9259035101979,50.49119835289227,1.2005435578294612,1.3202456626969898,1.345119538448749
tomato_0018,0,Pomodoro Verde Standard,0,01_pomodoro_verde.csv,18,7,1808.142857142857,1338.0,1140.857142857143,1357.0,531.4285714285714,1900.2857142857142,7613.714285714285,1517.142857142857,575.3246702432256,370.0564950434049,435.4690957270485,137.60900441191373,26.079548637636677,1.189456538534691,1.3513773121293602,1.420243423081674
tomato_0019,0,Pomodoro Verde Standard,0,01_pomodoro_verde.csv,21,8,2365.5,1744.375,1530.5,1732.25,706.875,2538.5,7436.375,1661.625,813.2038929005269,528.6178744072671,597.0641865470939,280.2029557812898,12.374368670764582,1.1318196593804661,1.3560730843077142,1.4552490063475514
tomato_0020,0,Pomodoro Verde Standard,0,01_pomodoro_verde.csv,18,7,2039.857142857143,1564.2857142857142,1299.5714285714287,1617.4285714285713,630.1428571428571,2171.285714285714,7627.428571428572,1398.4285714285713,611.385974261603,380.8047868846789,478.362434820732,256.9168848368781,47.839513455082795,1.244586117717816,1.304018256503993,1.3880365208070724
tomato_0021,0,Pomodoro Verde Standard,0,01_pomodoro_verde.csv,18,7,1851.5714285714287,1418.0,1141.0,1482.857142857143,573.0,1921.2857142857142,7686.428571428572,1279.142857142857,626.9236681720397,372.92716000134214,484.77397777088817,242.49663718826915,12.850792082313726,1.2996118578974798,1.3057626343538804,1.3549264462175246
tomato_0022,0,Pomodoro Verde Standard,0,01_pomodoro_verde.csv,9,4,984.0,797.5,590.0,585.25,336.5,933.5,5348.0,2109.0,314.3405796266209,152.3701633085253,144.01012695872006,222.1966096351007,91.12994385308633,0.9919491357296757,1.233855783901495,1.170532900682973
tomato_0023,0,Pomodoro Verde Standard,0,01_pomodoro_verde.csv,33,8,3659.5,2707.875,2314.625,2195.25,1284.125,3609.75,5668.75,2330.5,1398.0130798488874,887.7275865135333,836.0081595637347,347.2626630417632,60.09991680526688,0.9484257668156795,1.351428698328288,1.3330563584616852
tomato_0024,0,Pomodoro Verde Standard,0,01_pomodoro_verde.csv,24,9,3177.3333333333335,2424.6666666666665,2239.5555555555557,2519.3333333333335,1186.111111111111,3324.6666666666665,6682.888888888889,1627.6666666666667,1448.5474621150665,1023.8651169845458,1146.441232684868,367.25210838211825,80.36790404135223,1.1249255754493301,1.3104206709770938,1.3711850369623932
tomato_0025,0,Pomodoro Verde Standard,0,01_pomodoro_verde.csv,21,8,2531.875,1994.5,2030.625,2181.75,1263.375,2606.25,5327.0,1722.75,973.8137747316696,780.391831527141,837.6606455736459,337.09176368291344,25.777897509300484,1.0744228940625526,1.2694284218128433,1.306718469256864
tomato_0026,0,Pomodoro Verde Standard,0,01_pomodoro_verde.csv,15,6,1518.1666666666667,1203.5,1232.0,1352.0,763.5,1639.8333333333333,5460.0,1637.3333333333333,393.7387035416593,297.544618502839,334.1047739856466,167.6663353210775,67.46455859684154,1.0974025884951089,1.261459621148376,1.36255365160598
tomato_0027,0,Pomodoro Verde Standard,0,01_pomodoro_verde.csv,21,8,3073.25,2386.25,2118.125,2274.375,1187.0,3229.0,6028.125,1757.25,1470.6867929158618,958.299451782017,1023.3806633618094,247.6215069703876,31.617129173010902,1.0737680681085011,1.287899418384916,1.35316919286257
tomato_0028,0,Pomodoro Verde Standard,0,01_pomodoro_verde.csv,15,6,1463.5,1051.6666666666667,900.1666666666666,1055.5,399.5,1541.6666666666667,7762.0,1567.8333333333333,293.7623188906297,167.0801205011137,198.44369478519593,52.17662311802097,34.41172280875613,1.17256062389305,1.391600620682086,1.4659270859024365
tomato_0029,0,Pomodoro Verde Standard,0,01_pomodoro_verde.csv,21,8,2004.875,1459.375,1182.5,1548.5,456.75,2119.75,8792.0,1371.0,596.126889057307,344.3959515275571,457.30983557571307,230.6246176922886,31.941911562799657,1.3095137309977698,1.3737901404793824,1.4525053433661304
tomato_0030,0,Pomodoro Verde Standard,0,01_pomodoro_verde.csv,33,8,3208.625,2461.375,2332.75,2387.0,1460.875,3263.375,4908.625,1948.25,1286.0017704386835,933.6563684170501,958.6769156349957,287.80446611247316,34.416565778706044,1.0232558095670097,1.3035904675086467,1.3258341320366294
tomato_0031,0,Pomodoro Verde Standard,0,01_pomodoro_verde.csv,27,10,3034.7,2248.5,1911.6,2172.4,963.8,3171.9,7067.3,1603.5,1483.1587200596193,950.9401429930043,1056.8987337173478,336.7214641873079,72.7281849690262,1.1364302095813446,1.3496553197702674,1.4106737762478372
tomato_0032,0,Pomodoro Verde Standard,0,01_pomodoro_verde.csv,24,9,2622.777777777778,2020.6666666666667,1786.6666666666667,1964.4444444444443,975.6666666666666,2644.1111111111113,6336.444444444444,1689.3333333333333,1102.6455434292766,732.2653207683674,797.7122148856552,143.84723764389003,45.828484592008934,1.0995024814082572,1.297976458989449,1.3085340306956965
tomato_0033,0,Pomodoro Verde Standard,0,01_pomodoro_verde.csv,21,8,2269.375,1741.25,1650.375,1797.125,965.25,2306.25,5823.5,1692.25,839.7577775763675,585.5087988847209,628.1317963384982,181.11401302573393,36.2284418654736,1.0889191784356937,1.3033022179279126,1.3244795329534558
tomato_0034,0,Pomodoro Verde Standard,0,01_pomodoro_verde.csv,12,5,1413.8,1130.8,984.4,1122.0,581.4,1420.6,6009.6,1520.4,311.1023947191664,196.55609886238585,220.6626384325176,126.0725981329805,28.80624932197873,1.13978056542279,1.2502652878469642,1.2562787296048927
tomato_0035,0,Pomodoro Verde Standard,0,01_pomodoro_verde.csv,12,5,1387.6,1093.0,987.0,1167.2,570.2,1454.4,6379.0,1443.8,274.15378895794964,178.10811323463062,214.40895503686409,106.5152571230995,52.68491245128912,1.1825734429323866,1.2695333827124118,1.3306495761148256
tomato_0036,0,Pomodoro Verde Standard,0,01_pomodoro_verde.csv,24,9,3059.777777777778,2249.3333333333335,2180.222222222222,2232.0,1207.7777777777778,3186.777777777778,5832.111111111111,1944.0,1277.9832528028073,901.4414536976012,903.8697361899003,383.3175721397482,45.92385001282014,1.02374884863228,1.360304281642591,1.4167654550726687
tomato_0037,0,Pomodoro Verde Standard,0,01_pomodoro_verde.csv,15,6,1523.6666666666667,1095.6666666666667,1100.5,1161.8333333333333,633.8333333333334,1626.5,5676.333333333333,1822.5,314.6653248558962,227.5405458374397,239.96617817239718,102.04051482948655,36.70830968595531,1.0557322333266796,1.3906297408826005,1.484484318669142
tomato_0038,0,Pomodoro Verde Standard,0,01_pomodoro_verde.csv,24,9,2999.4444444444443,2240.3333333333335,2334.4444444444443,2377.8888888888887,1382.6666666666667,3214.3333333333335,5307.777777777777,1971.111111111111,1332.9672830860395,1044.296546857155,1057.4309013411282,254.08206242166023,28.984670277771162,1.018610181262498,1.3388384605219725,1.434756726224862
tomato_0039,0,Pomodoro Verde Standard,0,01_pomodoro_verde.csv,9,4,1249.0,986.5,904.0,1063.25,524.5,1311.75,6330.0,1440.5,160.11870596529315,105.65036677645753,123.15944949535947,74.93997598078077,45.1848057057532,1.1761614914141427,1.2660922324775243,1.3297009495215313
tomato_0040,0,Pomodoro Verde Standard,0,01_pomodoro_verde.csv,21,8,3334.75,2718.625,2430.5,2884.125,1371.125,3426.625,6557.75,1457.875,1339.2034679507922,954.3567766526611,1158.2433049974554,240.3418696060141,41.59477130601874,1.1866385468560436,1.2266311049643437,1.2604257620656554
tomato_0041,1,Pomodoro Giallo-Verde,0,02_pomodoro_giallo_verde.csv,18,7,2246.4285714285716,1705.4285714285713,1195.7142857142858,1846.7142857142858,504.42857142857144,2367.714285714286,9081.57142857143,1056.0,714.0375473654163,358.6231607531385,556.5464084529742,174.93318452374623,18.708286933869708,1.5444444315279438,1.317222307571992,1.3883397472622063
tomato_0042,1,Pomodoro Giallo-Verde,0,02_pomodoro_giallo_verde.csv,21,8,2606.75,1963.375,1454.25,2101.75,616.5,2771.5,8851.0,1162.75,972.1691137421955,536.8609157474056,782.7244999724634,115.98522073338236,49.195673445073254,1.4452466807959659,1.327688285082125,1.411599916411282
tomato_0043,1,Pomodoro Giallo-Verde,0,02_pomodoro_giallo_verde.csv,24,9,3310.0,2524.3333333333335,1621.0,2795.3333333333335,626.2222222222222,3512.1111111111113,9784.222222222223,929.3333333333334,1425.4818483586523,717.7368946905266,1167.7885082496744,300.0365718449077,33.7860918130523,1.7244499173897807,1.3112372851793055,1.3913024285744433
tomato_0044,1,Pomodoro Giallo-Verde,0,02_pomodoro_giallo_verde.csv,18,7,2052.4285714285716,1507.2857142857142,1076.2857142857142,1638.2857142857142,400.85714285714283,2194.714285714286,9436.714285714286,1120.7142857142858,606.9719535373545,299.9214976654804,461.50901554419437,77.49992319504643,16.590301240125065,1.522166165841302,1.3616718704087736,1.4560705049829463
tomato_0045,1,Pomodoro Giallo-Verde,0,02_pomodoro_giallo_verde.csv,15,6,1434.8333333333333,1105.1666666666667,702.5,1132.5,306.0,1525.8333333333333,9093.666666666666,983.3333333333334,355.61238261155455,153.0630589005721,262.41932093502567,164.0569006981013,17.557524502806956,1.6120996211800767,1.2982958712263983,1.3806363922729326
tomato_0046,1,Pomodoro Giallo-Verde,0,02_pomodoro_giallo_verde.csv,39,10,3591.1,2763.5,1727.7,2772.7,737.6,3726.2,9267.2,1006.5,1708.7928455166498,851.4027705955494,1355.2845580664355,304.565555796741,43.20815252292609,1.6048503698278034,1.2994752983554358,1.3483625788009312
tomato_0047,1,Pomodoro Giallo-Verde,0,02_pomodoro_giallo_verde.csv,18,7,1741.857142857143,1340.857142857143,698.1428571428571,1439.4285714285713,249.71428571428572,1864.7142857142858,10277.57142857143,783.2857142857143,530.9772212852539,197.91279946096512,432.63682118795555,325.13835882736504,84.69890649769194,2.061796573700479,1.2990624237231654,1.3906882487376755
tomato_0048,1,Pomodoro Giallo-Verde,0,02_pomodoro_giallo_verde.csv,33,8,2679.625,1968.625,1102.375,1779.75,438.375,2768.875,9443.875,1019.5,860.5225883147984,335.95617805218075,530.5384730899084,269.0790842325515,78.78542287214594,1.614468745985089,1.3611657813897224,1.4065019929824014
tomato_0049,1,Pomodoro Giallo-Verde,0,02_pomodoro_giallo_verde.csv,30,11,3662.2727272727275,2705.7272727272725,1961.2727272727273,2565.6363636363635,845.2727272727273,3836.181818181818,8497.727272727272,1328.5454545454545,1685.590584389287,913.7623422869966,1122.8978825100057,563.5148784032399,146.67471740989558,1.3081486908363607,1.3535261852337508,1.417800619697004
tomato_0050,1,Pomodoro Giallo-Verde,0,02_pomodoro_giallo_verde.csv,12,5,1603.4,1215.6,959.2,1359.6,401.0,1722.0,8804.0,1194.0,398.75907513183944,216.12311306290218,294.00731283422186,166.35804759614126,31.304951684997057,1.417431177883328,1.3190194034302454,1.4165843911106912
tomato_0051,1,Pomodoro Giallo-Verde,0,02_pomodoro_giallo_verde.csv,30,7,3244.285714285714,2497.5714285714284,2018.5714285714287,2449.8571428571427,990.1428571428571,3359.1428571428573,7560.714285714285,1458.0,1214.182401767504,775.0244850202814,931.5673939784548,445.01712112596084,40.414518843273804,1.2136588757992837,1.298976143057351,1.3449636736173736
tomato_0052,1,Pomodoro Giallo-Verde,0,02_pomodoro_giallo_verde.csv,12,5,1413.2,1080.2,877.8,1031.4,459.2,1473.6,6930.8,1499.6,266.19673176055335,165.73382273995855,190.75586491638992,131.57773367861296,28.80624932197873,1.174982898439475,1.308276233028363,1.3641918037012422
tomato_0053,1,Pomodoro Giallo-Verde,0,02_pomodoro_giallo_verde.csv,24,9,3361.0,2526.3333333333335,2102.777777777778,2673.222222222222,995.8888888888889,3504.4444444444443,7988.333333333333,1380.7777777777778,1646.0775346258754,1028.2224683620002,1294.758546774048,604.3326898323472,119.88200217065298,1.2712813677983976,1.3303865892714608,1.3871662873358415
tomato_0054,1,Pomodoro Giallo-Verde,0,02_pomodoro_giallo_verde.csv,21,8,2821.125,2232.375,1281.0,2270.625,568.125,2957.0,9391.875,867.625,1197.0260096828067,530.6607740759224,958.1241997480583,213.9709175832748,64.11359895863413,1.7725409697693915,1.2637325661515981,1.3245982358492714
tomato_0055,1,Pomodoro Giallo-Verde,0,02_pomodoro_giallo_verde.csv,9,4,1339.75,1063.25,581.5,1143.0,268.0,1432.25,9562.0,728.5,148.12466596305515,59.410997859543365,136.52106064633398,75.5733639143669,63.35350555941373,1.9656061570832992,1.2600517163409197,1.3470491291131048
tomato_0056,1,Pomodoro Giallo-Verde,0,02_pomodoro_giallo_verde.csv,24,9,3316.6666666666665,2493.5555555555557,1984.7777777777778,2509.0,843.8888888888889,3449.4444444444443,8375.555555555555,1396.111111111111,1480.1465299084412,880.1908568284747,1073.8623049534797,366.13321042726756,45.11220578857911,1.2641213618221507,1.3300953515859288,1.3833437249576268
tomato_0057,1,Pomodoro Giallo-Verde,0,02_pomodoro_giallo_verde.csv,12,5,1557.0,1162.8,1004.8,1390.8,423.4,1677.2,8684.6,1222.0,254.42484155443626,161.34187305222412,213.55374030908473,129.48088662038114,29.283100928692644,1.3841560371799757,1.339009276410309,1.4423804485519398
tomato_0058,1,Pomodoro Giallo-Verde,0,02_pomodoro_giallo_verde.csv,21,8,1781.625,1382.875,985.125,1312.625,425.25,1819.125,8426.75,1288.75,618.5344285370979,331.449387431281,434.87697357167247,233.1209067047766,53.84833198106379,1.3324451076518706,1.2883485399016648,1.3154659581273365
tomato_0059,1,Pomodoro Giallo-Verde,0,02_pomodoro_giallo_verde.csv,24,9,3133.5555555555557,2386.3333333333335,1725.3333333333333,2352.1111111111113,758.1111111111111,3233.1111111111113,8580.222222222223,1246.0,1213.1148040386688,685.0364953781659,912.0690001919323,347.2480301520002,20.80264406271472,1.363279229604899,1.3131256638179767,1.354844711927363
tomato_0060,1,Pomodoro Giallo-Verde,0,02_pomodoro_giallo_verde.csv,30,11,3105.2727272727275,2335.5454545454545,1518.6363636363637,2481.090909090909,678.7272727272727,3263.090909090909,9151.636363636364,984.3636363636364,1436.2623082786158,712.5795776932247,1160.8654921691361,555.7843597524624,163.12159435664717,1.6337623358447255,1.3295706610777014,1.3971429623725924
tomato_0061,1,Pomodoro Giallo-Verde,0,02_pomodoro_giallo_verde.csv,15,6,1581.0,1145.0,805.6666666666666,1138.1666666666667,360.8333333333333,1703.6666666666667,8530.0,1180.0,285.4694379438892,142.89110072592578,188.37135309453683,248.39323662290002,130.10303609063087,1.4127016787831816,1.3807860141416068,1.4879184731768402
tomato_0062,1,Pomodoro Giallo-Verde,0,02_pomodoro_giallo_verde.csv,24,9,3514.5555555555557,2587.5555555555557,1653.2222222222222,2261.8888888888887,674.3333333333334,3580.777777777778,8947.333333333334,1268.888888888889,1635.87309342069,776.5149351071391,1030.653244845768,480.5926029393295,52.39142211384523,1.3681698956156132,1.3582531723530236,1.3838457521235779
tomato_0063,1,Pomodoro Giallo-Verde,0,02_pomodoro_giallo_verde.csv,12,5,1322.0,976.0,634.8,794.6,266.8,1375.4,8278.6,1430.0,236.93036951813502,109.23232122407727,131.6142089593673,298.80729576099714,38.34057902536163,1.251732809519017,1.354508182843154,1.409221297036667
tomato_0064,1,Pomodoro Giallo-Verde,0,02_pomodoro_giallo_verde.csv,27,10,3207.2,2467.8,1550.7,2674.0,662.8,3394.4,9521.9,923.1,1640.76999539173,812.0032909073981,1408.438457614989,446.0001121076092,69.69210062043538,1.7243825257987841,1.2996190886635093,1.375476127014036
tomato_0065,1,Pomodoro Giallo-Verde,0,02_pomodoro_giallo_verde.csv,15,6,1523.0,1182.3333333333333,800.3333333333334,1176.3333333333333,337.1666666666667,1620.8333333333333,8907.166666666666,1127.8333333333333,393.4102184743045,186.37775260654547,267.8564292053985,108.11922431587578,28.805670738010367,1.4698042298650034,1.2881308038782284,1.3708767856988149
tomato_0066,1,Pomodoro Giallo-Verde,0,02_pomodoro_giallo_verde.csv,27,10,3189.5,2287.6,1381.1,1892.3,523.1,3311.0,9149.2,1301.6,1508.2890417069711,699.4303158047031,933.59473125239,404.9438369837367,219.73124999012367,1.370139733761931,1.3942559827143906,1.4473684147256145
tomato_0067,1,Pomodoro Giallo-Verde,0,02_pomodoro_giallo_verde.csv,9,4,1121.0,820.0,490.0,603.0,197.0,1111.5,8389.0,1492.75,196.8366497039275,54.49770637375485,70.13795928976928,326.8210519535117,28.17061116364594,1.2306122197834242,1.3670731540600836,1.3554877883477099
tomato_0068,1,Pomodoro Giallo-Verde,0,02_pomodoro_giallo_verde.csv,15,6,1650.5,1196.0,792.6666666666666,1290.0,294.6666666666667,1763.3333333333333,9619.833333333334,1029.3333333333333,416.1205354221298,189.2803916592172,317.4347176979859,123.55632993362448,18.07392228230128,1.6274179777869895,1.3800167108694255,1.4743589620315583
tomato_0069,1,Pomodoro Giallo-Verde,0,02_pomodoro_giallo_verde.csv,36,9,3416.1111111111113,2555.1111111111113,1714.7777777777778,2909.0,754.7777777777778,3714.777777777778,9306.555555555555,929.2222222222222,1490.398725546661,772.363706063694,1337.2650260886958,361.2105034156368,59.40281512221828,1.696429718610855,1.3369716420104605,1.453861535447576
tomato_0070,1,Pomodoro Giallo-Verde,0,02_pomodoro_giallo_verde.csv,12,5,1570.8,1108.4,638.8,1094.4,254.4,1696.6,9583.4,930.0,251.17464043967496,96.84368848820247,156.50814675281285,269.54276098608176,66.67458286333706,1.7132122461926702,1.4171779013246308,1.5306748328159974
tomato_0071,1,Pomodoro Giallo-Verde,0,02_pomodoro_giallo_verde.csv,36,9,3416.222222222222,2379.4444444444443,1374.4444444444443,2610.777777777778,612.8888888888889,3633.8888888888887,9700.111111111111,786.5555555555555,1307.7166912005232,608.423600608801,1022.1120019080319,759.8008693803339,165.59446783566707,1.8995149417173531,1.435722618294885,1.527200553936584
tomato_0072,1,Pomodoro Giallo-Verde,0,02_pomodoro_giallo_verde.csv,15,6,1756.3333333333333,1360.6666666666667,694.6666666666666,1470.3333333333333,275.5,1881.1666666666667,10153.333333333334,705.5,461.40249963200966,172.39218853146065,348.8837437695638,133.4805853548248,42.11294337849113,2.1166026566707874,1.2907888195189454,1.3825330618628144
tomato_0073,1,Pomodoro Giallo-Verde,0,02_pomodoro_giallo_verde.csv,33,8,3115.875,2496.875,1580.0,2509.375,689.25,3250.75,9134.5,993.25,1178.5245542626594,620.3206544084392,934.1902433200027,338.86491198031786,45.162405351606964,1.588212015264481,1.247909882361312,1.3019274040473494
tomato_0074,2,Pomodoro Arancio-Giallo,0,03_pomodoro_arancio_giallo.csv,33,8,3370.625,2417.125,1020.875,2194.875,388.375,3574.0,9098.0,615.875,1713.1500591016538,574.096915038866,1108.0463421845548,3700.2265953780256,259.49975915210405,2.1499938567406014,1.3944769037824816,1.4786161184108553
tomato_0075,2,Pomodoro Arancio-Giallo,0,03_pomodoro_arancio_giallo.csv,24,5,1532.2,1110.8,502.2,940.6,186.0,1618.0,9991.2,860.6,251.50487072818294,76.10321937999733,162.64931601454708,307.1444285674086,66.88273319773946,1.8729589431907818,1.3793662101245392,1.4566078370849134
tomato_0076,2,Pomodoro Arancio-Giallo,0,03_pomodoro_arancio_giallo.csv,30,7,3326.5714285714284,2358.8571428571427,716.2857142857143,2718.8571428571427,289.42857142857144,3691.285714285714,9606.142857142857,302.14285714285717,1646.7135813636867,369.3005615510282,1373.1108754177417,4241.730363447266,149.5275098116604,3.79577178585879,1.4102470870447374,1.5648619119706677
tomato_0077,2,Pomodoro Arancio-Giallo,0,03_pomodoro_arancio_giallo.csv,30,7,1837.5714285714287,1260.142857142857,454.7142857142857,1187.857142857143,125.85714285714286,1977.857142857143,9555.714285714286,540.5714285714286,924.2809560486929,220.10809032966378,591.0785138404284,4216.245909743474,238.70613533719458,2.6123153682494267,1.4582246795062095,1.5695499251934595
tomato_0078,2,Pomodoro Arancio-Giallo,0,03_pomodoro_arancio_giallo.csv,33,7,3871.1428571428573,2847.285714285714,691.4285714285714,3623.5714285714284,325.2857142857143,4329.571428571428,9779.285714285714,183.28571428571428,1836.8575909753617,348.6071605417083,1744.7982554957327,4317.413489358558,81.86719791979014,5.24070240354356,1.359590582751927,1.5205960510540502
tomato_0079,2,Pomodoro Arancio-Giallo,0,03_pomodoro_arancio_giallo.csv,21,3,1246.3333333333333,896.0,219.0,1003.0,68.33333333333333,1383.3333333333333,7767.333333333333,208.0,1080.9580627079542,188.83590760234136,868.7732730695622,6726.75080059707,180.13328398716322,4.5799084666708465,1.3909970082850036,1.5438987922927963
tomato_0080,2,Pomodoro Arancio-Giallo,0,03_pomodoro_arancio_giallo.csv,6,1,1.0,1.0,1.0,1.0,1.0,1.0,0.0,0.0,0.0,0.0,0.0,0.0,0.0,0.9999900000999989,0.9999900000999989,0.9999900000999989
tomato_0081,2,Pomodoro Arancio-Giallo,0,03_pomodoro_arancio_giallo.csv,33,8,3501.875,2455.625,883.125,2617.75,319.625,3838.625,9628.5,455.25,1746.0812808359508,460.37886183943266,1413.6212616640184,3896.8175660219385,205.22583379570628,2.964189633809601,1.4260626055441583,1.5631967358078014
tomato_0082,2,Pomodoro Arancio-Giallo,0,03_pomodoro_arancio_giallo.csv,10,2,1.0,1.0,1.0,1.0,1.0,1.0,0.0,0.0,0.0,0.0,0.0,0.0,0.0,0.9999900000999989,0.9999900000999989,0.9999900000999989
tomato_0083,2,Pomodoro Arancio-Giallo,0,03_pomodoro_arancio_giallo.csv,12,5,1521.6,1085.8,464.4,915.2,150.6,1600.0,10422.4,840.0,270.77629142892107,78.58625834075573,166.74591449267956,144.6056707048517,15.652475842498529,1.9707148585117389,1.4013630373792316,1.4735678626490343
tomato_0084,2,Pomodoro Arancio-Giallo,0,03_pomodoro_arancio_giallo.csv,30,6,3251.1666666666665,2342.1666666666665,469.3333333333333,3312.8333333333335,202.16666666666666,3678.8333333333335,9777.0,132.5,1671.5702099124246,247.32785258976935,1720.7497687539192,4789.8863034523065,67.13791775144654,7.058593599603831,1.3881021786603478,1.570696641696307
tomato_0085,2,Pomodoro Arancio-Giallo,0,03_pomodoro_arancio_giallo.csv,18,7,2293.1428571428573,1675.4285714285713,659.5714285714286,2252.0,193.57142857142858,2572.5714285714284,11405.285714285714,455.85714285714283,719.5140555892402,217.724487325042,690.6784104535675,212.0288614675797,104.95622670337156,3.414338263157098,1.3686903056097954,1.5354706593210312
tomato_0086,2,Pomodoro Arancio-Giallo,0,03_pomodoro_arancio_giallo.csv,18,7,1947.2857142857142,1431.0,716.1428571428571,1483.2857142857142,267.85714285714283,2132.1428571428573,10217.285714285714,758.5714285714286,546.9782793633017,219.21483265769874,412.742338626943,398.8369400668709,135.1096556417011,2.0712148124905174,1.3607866531641144,1.4899670455927232
tomato_0087,2,Pomodoro Arancio-Giallo,0,03_pomodoro_arancio_giallo.csv,33,8,3018.125,2331.5,1315.375,2443.875,487.125,3307.875,10004.25,884.875,1006.225966882475,488.0854543154157,828.080126816585,691.9570073349934,186.35406967843306,1.8579302339034098,1.2944992438580345,1.4187754603526679
tomato_0088,2,Pomodoro Arancio-Giallo,0,03_pomodoro_arancio_giallo.csv,15,6,1553.8333333333333,1195.8333333333333,614.5,1119.8333333333333,236.0,1592.8333333333333,9834.0,873.5,337.2230221480536,128.5250948258744,234.1814823308339,194.21225502011967,25.905597850657685,1.822348763400888,1.2993728114338163,1.3319860515792108
tomato_0089,2,Pomodoro Arancio-Giallo,0,03_pomodoro_arancio_giallo.csv,36,9,2979.1111111111113,2168.6666666666665,892.2222222222222,2237.3333333333335,316.22222222222223,3162.0,9594.333333333334,536.1111111111111,1483.1933829110453,470.307553037844,1120.23524315208,3605.6402344105272,202.51200238778716,2.507596484970899,1.3737063160347593,1.4580387267535873
tomato_0090,2,Pomodoro Arancio-Giallo,0,03_pomodoro_arancio_giallo.csv,15,6,1621.0,1285.1666666666667,803.3333333333334,1355.1666666666667,401.1666666666667,1747.0,8797.833333333334,862.1666666666666,401.6047808480372,188.38754382035629,318.91592413466384,237.39369550741375,14.288690166235206,1.6869294395817913,1.2613149947245623,1.3593567524884702
tomato_0091,2,Pomodoro Arancio-Giallo,0,03_pomodoro_arancio_giallo.csv,33,8,3148.75,2535.25,1364.5,2920.5,620.0,3446.0,9902.0,654.875,1109.351129521861,510.12547476086706,1036.1376080700588,226.12259633090315,22.041762309631363,2.140344432830015,1.241987964729364,1.35923478410715
tomato_0092,2,Pomodoro Arancio-Giallo,0,03_pomodoro_arancio_giallo.csv,30,7,3698.5714285714284,2702.0,456.7142857142857,3743.714285714286,272.14285714285717,4250.285714285715,9963.714285714286,79.0,1842.4305375547503,259.74777142817754,1882.3929552819832,4397.215850750931,43.34358853010058,8.197059564030601,1.3688273186096058,1.5730146922855541
tomato_0093,2,Pomodoro Arancio-Giallo,0,03_pomodoro_arancio_giallo.csv,33,8,3132.375,2328.5,1215.875,2614.75,556.0,3368.25,9911.0,646.375,1194.869501242709,480.6027279810812,989.4955063783044,271.4027055344669,36.65256763564749,2.1505088750857704,1.345232976829577,1.4465320959994326
tomato_0094,2,Pomodoro Arancio-Giallo,0,03_pomodoro_arancio_giallo.csv,30,7,3470.8571428571427,2459.285714285714,714.2857142857143,2763.0,303.57142857142856,3780.8571428571427,9581.142857142857,292.2857142857143,1771.1288705767504,380.29230612153873,1548.2962679452964,4229.89997630249,148.30791649550636,3.8681999458452005,1.4113273250773792,1.5373801854419624
tomato_0095,2,Pomodoro Arancio-Giallo,0,03_pomodoro_arancio_giallo.csv,27,6,2123.1666666666665,1510.8333333333333,492.0,1308.0,167.66666666666666,2231.1666666666665,10871.333333333334,584.0,462.4233630199351,96.74709297958259,289.1684630107509,152.5485714999215,114.74842046843172,2.6585365313305585,1.40529508170792,1.4767788098613648
tomato_0096,2,Pomodoro Arancio-Giallo,0,03_pomodoro_arancio_giallo.csv,33,8,3455.875,2478.625,982.75,2222.875,378.25,3586.25,10480.5,659.375,1233.2889173147664,404.3911649451732,808.6198890702602,430.01893646011183,55.68004900449404,2.261892625165173,1.3942710115718553,1.446870739031234
tomato_0097,2,Pomodoro Arancio-Giallo,0,03_pomodoro_arancio_giallo.csv,30,7,2562.0,1813.0,532.8571428571429,1951.5714285714287,169.57142857142858,2977.285714285714,9784.142857142857,361.7142857142857,1250.6101177691899,264.29997387528476,982.9433447801653,4315.186030310915,175.56832885016047,3.662466419203043,1.4131274053329983,1.6421873678234091
tomato_0098,2,Pomodoro Arancio-Giallo,0,03_pomodoro_arancio_giallo.csv,27,6,2182.1666666666665,1533.8333333333333,374.8333333333333,1828.6666666666667,158.83333333333334,2495.5,9515.5,202.5,1120.7475035290804,194.40927618471983,948.7808317344246,4661.8951832918765,99.20433458271872,4.878612586608825,1.4226882445548956,1.626969455871111
tomato_0099,2,Pomodoro Arancio-Giallo,0,03_pomodoro_arancio_giallo.csv,27,5,3296.8,2376.4,480.8,3360.0,216.8,3820.0,9351.4,131.4,1891.1748200523398,273.91641060732377,1920.5904040164316,5228.431485636969,75.00199997333405,6.988352600075861,1.3873085280789912,1.6074734825472414
tomato_0100,2,Pomodoro Arancio-Giallo,0,03_pomodoro_arancio_giallo.csv,7,2,674.0,477.0,130.0,503.5,53.5,748.0,5591.0,173.5,951.7657274770929,182.43354954612926,710.6423150924803,7906.868027227974,245.36605307173198,3.873076625147952,1.4129978739413445,1.5681341390328274
tomato_0101,2,Pomodoro Arancio-Giallo,0,03_pomodoro_arancio_giallo.csv,30,7,4063.285714285714,2961.8571428571427,1159.142857142857,3183.5714285714284,470.14285714285717,4389.285714285715,10687.857142857143,535.1428571428571,1226.3291719987901,391.553499354996,1129.964285149883,314.2039828791845,111.39633233254521,2.7464875286844803,1.3718709257690171,1.4819370036301747
tomato_0102,2,Pomodoro Arancio-Giallo,0,03_pomodoro_arancio_giallo.csv,21,8,1606.625,1111.75,368.625,1278.75,129.875,1797.625,9726.75,372.875,842.0091512057845,181.7761083625364,679.2293427112819,3951.9507931436306,170.75499365214142,3.468972438956326,1.445131536360409,1.616932749116863
tomato_0103,2,Pomodoro Arancio-Giallo,0,03_pomodoro_arancio_giallo.csv,39,10,3430.9,2398.9,893.2,2563.0,333.9,3759.8,9847.5,454.4,1678.311880035015,479.8096381784018,1297.386090054409,3472.889199051546,185.43714119165378,2.8694580959532234,1.430197167742727,1.5673016734032195
tomato_0104,2,Pomodoro Arancio-Giallo,0,03_pomodoro_arancio_giallo.csv,18,7,1939.2857142857142,1370.142857142857,782.2857142857143,1070.5714285714287,310.2857142857143,2012.2857142857142,8908.857142857143,1264.4285714285713,574.0754056990871,255.117433277118,325.6986629503091,203.24404753188435,77.4184670968048,1.3685171483206355,1.4153894172581316,1.4686685327070381
tomato_0105,2,Pomodoro Arancio-Giallo,0,03_pomodoro_arancio_giallo.csv,33,8,3303.75,2283.875,1161.625,2653.0,442.5,3628.75,10489.375,655.0,1141.380711494385,469.84281186067204,959.8647226116218,278.5497839576566,38.95051806000605,2.283869559592213,1.4465546431107015,1.5888566511352125
tomato_0106,2,Pomodoro Arancio-Giallo,0,03_pomodoro_arancio_giallo.csv,33,8,3240.125,2371.125,828.375,2826.0,371.0,3552.125,9559.25,324.875,1607.7243400444706,443.2487007474311,1449.0891720565123,3871.0510846538823,132.16487268343496,3.411498374389638,1.3664926928504708,1.4980758015790991
tomato_0107,2,Pomodoro Arancio-Giallo,0,03_pomodoro_arancio_giallo.csv,27,6,1961.0,1397.8333333333333,446.3333333333333,1443.1666666666667,160.66666666666666,2172.1666666666665,11090.833333333334,451.0,391.0964075518976,79.27588956717337,298.56216549768436,107.99151201213301,0.0,3.233383049289402,1.4028854078725261,1.5539525344894298
tomato_0108,3,Pomodoro Rosso-Arancio,0,04_pomodoro_rosso_arancio.csv,27,6,2880.5,2064.0,428.3333333333333,2792.8333333333335,234.66666666666666,3290.0,9558.333333333334,115.0,1538.6112894425285,242.0203848163759,1530.7027688831906,4684.868009524565,56.3382640840131,6.520233310811674,1.395591078509733,1.5939922403391846
tomato_0109,3,Pomodoro Rosso-Arancio,0,04_pomodoro_rosso_arancio.csv,24,5,1961.8,1414.2,517.2,1589.4,154.0,2175.4,11281.6,506.4,316.39010730425815,81.8852856134727,261.7275300766047,53.67774212837198,18.622566955175646,3.073085787450004,1.3872153769819304,1.5382548328506942
tomato_0110,3,Pomodoro Rosso-Arancio,0,04_pomodoro_rosso_arancio.csv,30,6,3327.1666666666665,2238.6666666666665,376.6666666666667,3332.0,243.16666666666666,3827.6666666666665,9660.833333333334,57.5,1678.8002164244162,199.5120714810677,1698.9780457675138,4733.282684001312,28.16913204200655,8.846017464265023,1.4862269141472888,1.7097974908734477
tomato_0111,3,Pomodoro Rosso-Arancio,0,04_pomodoro_rosso_arancio.csv,24,5,1873.8,1296.8,168.4,1977.2,109.4,2207.0,9444.4,34.2,1063.131083168957,95.6781061685483,1127.355179169369,5279.916883815503,24.396721091163048,11.741091939365086,1.4449413830587494,1.7018815414722275
tomato_0112,3,Pomodoro Rosso-Arancio,0,04_pomodoro_rosso_arancio.csv,9,2,1.0,1.0,1.0,1.0,1.0,1.0,0.0,0.0,0.0,0.0,0.0,0.0,0.0,0.9999900000999989,0.9999900000999989,0.9999900000999989
tomato_0113,3,Pomodoro Rosso-Arancio,0,04_pomodoro_rosso_arancio.csv,33,7,4350.714285714285,3249.714285714286,581.5714285714286,3821.5714285714284,322.0,4756.857142857143,9831.142857142857,123.57142857142857,2100.8582146578187,292.50518920915863,1960.954602325345,4339.177242618368,65.8580725066086,6.571112635721473,1.3387990111783041,1.463777030839441
tomato_0114,3,Pomodoro Rosso-Arancio,0,04_pomodoro_rosso_arancio.csv,30,7,2624.714285714286,1833.2857142857142,395.42857142857144,2866.4285714285716,261.85714285714283,2970.0,11369.42857142857,89.0,714.6781826541963,116.75452474152361,784.3908160993169,91.21377297838514,18.708286933869708,7.248916001653137,1.4316995168535054,1.6200420701782168
tomato_0115,3,Pomodoro Rosso-Arancio,0,04_pomodoro_rosso_arancio.csv,33,8,2980.875,1979.5,403.75,3262.375,300.875,3464.125,9974.5,47.25,1450.9188652614,233.92413300042386,1633.314153798956,4036.027714756889,25.777897509300484,8.080185558385498,1.5058726875176929,1.7499999911593838
tomato_0116,3,Pomodoro Rosso-Arancio,0,04_pomodoro_rosso_arancio.csv,30,7,3400.1428571428573,2437.5714285714284,369.7142857142857,3594.1428571428573,243.71428571428572,3886.285714285714,10001.285714285714,54.142857142857146,1733.364015296213,189.89884525339124,1874.1647409420752,4411.7227063920545,33.88917512239255,9.721406228555473,1.3948895213243706,1.594326899630611
tomato_0117,3,Pomodoro Rosso-Arancio,0,04_pomodoro_rosso_arancio.csv,24,5,1934.8,1429.4,227.4,2008.6,114.4,2241.8,9420.0,96.8,1165.6775712005442,128.2470272559953,1227.224836776049,5266.428011470393,66.51841850194576,8.832893191165645,1.353574917073073,1.5683503458209715
tomato_0118,3,Pomodoro Rosso-Arancio,0,04_pomodoro_rosso_arancio.csv,33,7,3868.0,2710.0,707.4285714285714,3415.714285714286,326.0,4261.857142857143,9721.857142857143,198.28571428571428,1822.5002972107668,369.9201973141672,1623.525455532467,4295.024851638285,88.97886319367143,4.828352112684845,1.4273062677959176,1.5726410063213037
tomato_0119,3,Pomodoro Rosso-Arancio,0,04_pomodoro_rosso_arancio.csv,18,3,1671.3333333333333,1172.0,202.33333333333334,1622.0,72.66666666666667,1917.3333333333333,7961.333333333333,103.66666666666667,1446.582294006578,174.46298556809504,1403.9020621111715,6894.724166588054,91.46766277397349,8.016474068378546,1.4260523200279949,1.6359499291585615
tomato_0120,3,Pomodoro Rosso-Arancio,0,04_pomodoro_rosso_arancio.csv,30,6,3425.5,2424.6666666666665,491.8333333333333,3258.3333333333335,292.3333333333333,3899.5,9487.333333333334,109.33333333333333,1769.133997186194,262.59887026921245,1716.0190752630538,4648.457966537578,55.26180115293625,6.624872789734882,1.4127715091582147,1.6082622974638618
tomato_0121,3,Pomodoro Rosso-Arancio,0,04_pomodoro_rosso_arancio.csv,24,4,2205.5,1482.25,151.5,2238.25,89.75,2650.0,8997.25,25.5,1485.2192879616578,101.14840582035883,1517.1687172713082,5998.293389234419,17.0,14.773926417562613,1.487940620759382,1.787822554981801
tomato_0122,3,Pomodoro Rosso-Arancio,0,04_pomodoro_rosso_arancio.csv,27,6,3661.1666666666665,2680.3333333333335,678.3333333333334,2893.1666666666665,488.6666666666667,3890.8333333333335,10434.833333333334,143.83333333333334,1030.9571119433954,234.40278724167652,924.6900922291028,279.9981547558245,14.288690166235202,4.265110502234243,1.3659370674072735,1.4516229270552556
tomato_0123,3,Pomodoro Rosso-Arancio,0,04_pomodoro_rosso_arancio.csv,21,4,1928.5,1399.5,228.75,1927.0,140.5,2231.5,11581.25,95.25,267.2258720009473,27.10934648173332,294.2391317732342,93.67808352722281,17.5,8.424043347582804,1.3779921302037004,1.594498023619164
tomato_0124,3,Pomodoro Rosso-Arancio,0,04_pomodoro_rosso_arancio.csv,24,5,3029.8,2176.2,368.0,2799.4,159.4,3472.2,11768.0,145.2,710.4334592345718,102.7448295536082,711.578737737434,98.69143833180262,38.06835956539236,7.607065010677582,1.3922433535877063,1.595533491427564
tomato_0125,3,Pomodoro Rosso-Arancio,0,04_pomodoro_rosso_arancio.csv,33,7,4339.0,3206.1428571428573,574.4285714285714,4367.142857142857,429.57142857142856,4792.285714285715,9677.142857142857,49.142857142857146,2062.006870340963,294.4564807363205,2073.419753979034,4269.702621517157,27.236180418875254,7.602586288937816,1.3533395671374695,1.4947199525629196
tomato_0126,3,Pomodoro Rosso-Arancio,0,04_pomodoro_rosso_arancio.csv,27,5,2248.6,1612.4,166.8,2219.2,108.2,2594.2,9511.8,27.2,1277.6387595873882,94.2427716061025,1267.5887345665392,5317.280338669384,15.20526224699857,13.304555557280839,1.3945670962877257,1.608905968687013
tomato_0127,3,Pomodoro Rosso-Arancio,0,04_pomodoro_rosso_arancio.csv,24,5,1590.8,1166.8,170.0,1536.0,123.6,1848.2,11479.0,48.0,245.75231433294783,17.24818831066034,252.87645204723987,140.0339244611819,19.170289512680814,9.0352935861592,1.3633870297961346,1.5839903875215087
tomato_0128,3,Pomodoro Rosso-Arancio,0,04_pomodoro_rosso_arancio.csv,21,4,2290.5,1577.5,228.0,2260.25,141.25,2683.25,11685.5,60.25,438.17081904967915,30.95157508108432,494.78101216598844,199.51691657601367,17.5,9.91337675818523,1.4519809733630367,1.7009508608497568
tomato_0129,3,Pomodoro Rosso-Arancio,0,04_pomodoro_rosso_arancio.csv,18,3,1543.0,1093.0,158.66666666666666,1363.3333333333333,106.33333333333333,1766.3333333333333,11512.0,69.0,199.42166381815193,12.34233905438241,189.46591602009406,143.43988287781053,0.0,8.592436433249805,1.4117108745497633,1.6160414612743996
tomato_0130,3,Pomodoro Rosso-Arancio,0,04_pomodoro_rosso_arancio.csv,24,5,2005.2,1412.6,147.8,2109.2,95.8,2346.4,9544.0,27.2,1152.4926030131387,83.80155129829042,1224.5969541036757,5335.400031862653,15.20526224699857,14.270635029050402,1.4195101131282026,1.6610505333353356
tomato_0131,3,Pomodoro Rosso-Arancio,0,04_pomodoro_rosso_arancio.csv,33,8,3424.375,2487.625,557.75,3743.625,254.375,3895.25,10217.25,138.5,1619.832437321836,300.30258549859815,1799.2965242401979,4130.828583433872,69.28615611052058,6.712012430084941,1.3765639862255605,1.5658509559686409
tomato_0132,3,Pomodoro Rosso-Arancio,0,04_pomodoro_rosso_arancio.csv,24,6,1276.1666666666667,924.3333333333334,156.33333333333334,1134.1666666666667,74.16666666666667,1434.5,7782.333333333333,92.0,1002.3730676083964,121.66292231681214,901.7475071585542,6028.727649070463,71.26289357021646,7.254796977305097,1.3806346767331266,1.551929301637981
tomato_0133,3,Pomodoro Rosso-Arancio,0,04_pomodoro_rosso_arancio.csv,30,6,3509.5,2561.8333333333335,655.3333333333334,2711.0,253.33333333333334,3800.1666666666665,9442.833333333334,271.5,1807.5649642543972,339.8132820633512,1430.8246573217837,4626.565093745755,144.38524855399876,4.136825979600824,1.369917371531127,1.483377783553271
tomato_0134,3,Pomodoro Rosso-Arancio,0,04_pomodoro_rosso_arancio.csv,33,8,2952.625,2109.375,605.125,2461.5,287.75,3277.5,9691.5,255.625,1420.1119611294234,312.49751427582817,1211.4177054768752,3919.6928451091676,106.32153054364322,4.067754528936096,1.3997629563270495,1.5537777704117202
tomato_0135,3,Pomodoro Rosso-Arancio,0,04_pomodoro_rosso_arancio.csv,33,7,3560.1428571428573,2530.0,618.5714285714286,3536.0,384.0,3964.8571428571427,9576.42857142857,118.28571428571429,1697.746293234203,317.6501519716606,1711.9079025072192,4227.634084494654,52.15909727527336,5.716397136224527,1.4071710842178444,1.567137204421253
tomato_0136,3,Pomodoro Rosso-Arancio,0,04_pomodoro_rosso_arancio.csv,30,6,3343.5,2354.8333333333335,356.8333333333333,3143.3333333333335,229.16666666666666,3760.6666666666665,9662.333333333334,57.5,1666.3688367225307,184.13953042914676,1574.2268790319476,4734.473346283266,28.16913204200655,8.808967525204087,1.4198457013807952,1.5969990731247825
tomato_0137,3,Pomodoro Rosso-Arancio,0,04_pomodoro_rosso_arancio.csv,33,7,2866.4285714285716,2037.0,302.14285714285717,2534.4285714285716,129.28571428571428,3313.0,10163.57142857143,113.42857142857143,1360.6190817838349,141.04541652889515,1196.4739664451342,4481.925101900702,51.59734212423847,8.388179391407775,1.407181422364633,1.6264113813136407
tomato_0138,3,Pomodoro Rosso-Arancio,0,04_pomodoro_rosso_arancio.csv,33,8,3846.125,2752.375,698.75,3541.75,362.5,4287.0,9873.5,177.625,1805.7968907699133,368.8483040879698,1683.4852241703816,4001.5655864745167,75.17396490807172,5.0686940240616245,1.3973840723106985,1.557563916408324
tomato_0139,3,Pomodoro Rosso-Arancio,0,04_pomodoro_rosso_arancio.csv,15,6,1905.0,1345.3333333333333,380.6666666666667,1617.6666666666667,140.66666666666666,2130.5,11375.833333333334,317.8333333333333,405.95516993875077,64.9327857608671,336.84694843009436,235.64330388675734,26.347042844817835,4.249562059993992,1.4160059359563484,1.5836223866430448
tomato_0140,3,Pomodoro Rosso-Arancio,0,04_pomodoro_rosso_arancio.csv,30,6,3491.8333333333335,2405.5,512.8333333333334,3913.1666666666665,371.5,4003.5,9435.833333333334,57.5,1779.9943164703268,273.8360214921818,2024.0737552437822,4623.455392524802,28.16913204200655,7.630484089103332,1.4516039571055055,1.6643109471448307
tomato_0141,3,Pomodoro Rosso-Arancio,0,04_pomodoro_rosso_arancio.csv,24,5,2089.4,1413.2,192.2,2277.0,120.6,2452.6,9468.2,41.2,1191.1611142074778,109.63895293188456,1308.0487376240994,5292.994823349065,28.925767059837842,11.847033722839036,1.4784885261924108,1.7354939022396412
tomato_0142,3,Pomodoro Rosso-Arancio,0,04_pomodoro_rosso_arancio.csv,33,7,3748.8571428571427,2733.0,489.2857142857143,3930.285714285714,261.0,4133.0,10013.142857142857,93.85714285714286,1803.0666865622236,257.76456589021586,1909.4078239326554,4416.259557158125,55.47200065927726,8.032700565755025,1.3717003765606068,1.512257586855991
tomato_0143,3,Pomodoro Rosso-Arancio,0,04_pomodoro_rosso_arancio.csv,24,8,2167.5,1543.375,209.5,2299.375,109.25,2434.25,8927.5,60.5,1419.1369610737768,137.0443098313201,1504.1465484738228,5510.359023823091,40.344941265470766,10.975536468948139,1.4043897211993863,1.5772252266803257
tomato_0144,3,Pomodoro Rosso-Arancio,0,04_pomodoro_rosso_arancio.csv,27,6,3429.5,2570.0,385.3333333333333,3634.1666666666665,226.83333333333334,3796.1666666666665,9761.833333333334,63.333333333333336,1748.1927525304525,193.68186974176666,1842.8247248902069,4783.5537591488055,34.03919309658598,9.431228128947367,1.3344357924730124,1.4771076466519804
tomato_0145,3,Pomodoro Rosso-Arancio,0,04_pomodoro_rosso_arancio.csv,21,3,2304.6666666666665,1714.0,248.0,2437.6666666666665,70.66666666666667,2656.0,8092.333333333333,92.33333333333333,1996.4243870813973,217.70852073357165,2110.807507408796,7008.167116538627,87.08807802066441,9.829300678926048,1.3446129832091813,1.5495915895589756
tomato_0146,4,Pomodoro Rosso Standard,0,05_pomodoro_rosso.csv,30,6,3576.0,2662.1666666666665,303.6666666666667,3631.8333333333335,180.0,4037.8333333333335,9903.666666666666,51.666666666666664,1857.3859049750538,164.55475279270019,1922.2911763483353,4851.953613408384,28.925190866555514,11.959933744458823,1.343266757616227,1.5167470048829388
tomato_0147,4,Pomodoro Rosso Standard,0,05_pomodoro_rosso.csv,30,7,3352.8571428571427,2417.714285714286,242.85714285714286,3378.285714285714,175.0,3756.714285714286,10156.142857142857,29.142857142857142,1694.315538161987,123.0249684297576,1758.24360411991,4479.322844231831,12.850792082313724,13.910587662505213,1.3867879876462323,1.5538288756341276
tomato_0148,4,Pomodoro Rosso Standard,0,05_pomodoro_rosso.csv,7,1,1.0,1.0,1.0,1.0,1.0,1.0,0.0,0.0,0.0,0.0,0.0,0.0,0.0,0.9999900000999989,0.9999900000999989,0.9999900000999989
tomato_0149,4,Pomodoro Rosso Standard,0,05_pomodoro_rosso.csv,36,8,4280.875,3055.5,573.125,4462.25,448.25,4838.5,9901.5,38.5,1907.3389418993454,336.38686805522,2035.1964980596556,4019.8409705573463,22.181073012818835,7.78582320111977,1.401039105216694,1.5835378773243727
tomato_0150,4,Pomodoro Rosso Standard,0,05_pomodoro_rosso.csv,33,7,3903.1428571428573,2961.1428571428573,400.7142857142857,3973.714285714286,290.85714285714283,4422.285714285715,9940.857142857143,29.142857142857142,1821.7245884574527,202.776325282904,1878.4032859750605,4385.398325829761,12.850792082313724,9.916577292634436,1.3181204123760888,1.4934388216643806
tomato_0151,4,Pomodoro Rosso Standard,0,05_pomodoro_rosso.csv,27,5,2417.4,1789.4,154.6,2379.4,102.2,2829.8,9570.6,27.2,1365.7768119279226,87.87661805053719,1353.274103794202,5350.177221363793,15.20526224699857,15.390684644845754,1.3509556200348964,1.5814239321480723
tomato_0152,4,Pomodoro Rosso Standard,0,05_pomodoro_rosso.csv,27,6,2570.8333333333335,1845.0,280.0,2521.8333333333335,197.66666666666666,2940.6666666666665,11488.0,57.333333333333336,627.3188716009321,59.24187708032216,658.4197496025364,174.4832370171989,18.07392228230128,9.006547297385216,1.3934055931703402,1.5938572632672596
tomato_0153,4,Pomodoro Rosso Standard,0,05_pomodoro_rosso.csv,33,8,3708.375,2693.5,398.375,3718.125,259.375,4137.375,10167.125,56.0,1783.8884444221442,204.18474652697668,1840.5896134119632,4112.838207977552,25.729360660537214,9.333228507480928,1.3767867036317551,1.5360590252977202
tomato_0154,4,Pomodoro Rosso Standard,0,05_pomodoro_rosso.csv,30,7,3371.1428571428573,2439.5714285714284,308.0,3211.1428571428573,211.57142857142858,3726.1428571428573,11645.142857142857,54.0,902.3438791228521,67.17390366305455,956.2582337024919,166.32040220753493,27.537852736430512,10.425788158717454,1.3818586346120452,1.527375996549961
tomato_0155,4,Pomodoro Rosso Standard,0,05_pomodoro_rosso.csv,30,6,3704.8333333333335,2696.5,379.8333333333333,3734.5,247.5,4228.666666666667,9718.833333333334,57.5,1896.7583311182968,195.98307750075432,1950.012282012603,4761.830715876686,28.16913204200655,9.831943576166472,1.3739415240474384,1.568205692929579
tomato_0156,4,Pomodoro Rosso Standard,0,05_pomodoro_rosso.csv,6,1,1.0,1.0,1.0,1.0,1.0,1.0,0.0,0.0,0.0,0.0,0.0,0.0,0.0,0.9999900000999989,0.9999900000999989,0.9999900000999989
tomato_0157,4,Pomodoro Rosso Standard,0,05_pomodoro_rosso.csv,27,5,3014.0,2190.4,236.4,3168.4,119.0,3521.2,9623.2,55.2,1703.2634851954058,132.7000376789698,1796.4346077717385,5379.591127585813,30.8577380894971,13.402706708853353,1.3760043764791616,1.6075602556265507
tomato_0158,4,Pomodoro Rosso Standard,0,05_pomodoro_rosso.csv,30,7,3847.285714285714,2783.0,425.2857142857143,3981.4285714285716,288.2857142857143,4398.714285714285,9973.42857142857,49.142857142857146,1894.163554561372,240.56233723348737,2016.4266130247056,4402.510074080576,27.236180418875254,9.361773377452424,1.382423895243074,1.5805656737005491
tomato_0159,4,Pomodoro Rosso Standard,0,05_pomodoro_rosso.csv,36,9,4081.5555555555557,3024.1111111111113,617.7777777777778,4021.777777777778,424.3333333333333,4542.222222222223,9985.555555555555,84.66666666666667,1776.3095951375644,321.3937529642486,1804.335457847139,3753.8669432703364,35.18167136450456,6.510071837067183,1.3496711569434394,1.5020024199882345
tomato_0160,4,Pomodoro Rosso Standard,0,05_pomodoro_rosso.csv,30,6,3837.8333333333335,2731.6666666666665,291.0,3837.0,205.33333333333334,4410.166666666667,9862.833333333334,28.333333333333332,1951.0183409354886,151.0589288986255,1964.5165308543474,4832.124229225348,13.880441875771341,13.185566557197026,1.404942032684776,1.6144600306975228
tomato_0161,4,Pomodoro Rosso Standard,0,05_pomodoro_rosso.csv,33,8,4807.125,3593.75,644.0,4895.75,458.5,5341.25,9942.25,64.75,2092.9698269274145,341.4092642478902,2127.823619838556,4030.3887352391775,28.88771365130858,7.602096155246954,1.3376347788865814,1.4862608654295348
tomato_0162,4,Pomodoro Rosso Standard,0,05_pomodoro_rosso.csv,30,6,2080.8333333333335,1493.8333333333333,177.5,2126.3333333333335,108.5,2413.1666666666665,9876.166666666666,40.0,1090.1114469019517,88.97808719004922,1101.1366248866063,4839.502966903385,26.038433132583073,11.979342048112185,1.3929487801431524,1.615418933735899
tomato_0163,4,Pomodoro Rosso Standard,0,05_pomodoro_rosso.csv,27,6,4054.0,2896.5,342.5,4095.0,232.5,4673.0,9830.833333333334,28.333333333333332,2020.519933086531,182.681964079654,2043.1836921823744,4817.716447308482,13.880441875771341,11.956204030475796,1.3996202264815458,1.61332642287821
tomato_0164,4,Pomodoro Rosso Standard,0,05_pomodoro_rosso.csv,30,6,3475.6666666666665,2425.6666666666665,324.6666666666667,3662.3333333333335,246.16666666666666,4010.1666666666665,9720.666666666666,28.333333333333332,1762.7643820620685,170.99785573704327,1868.3803324448334,4762.863662405914,13.880441875771341,11.28028712689054,1.4328706825634023,1.6532224749764086
tomato_0165,4,Pomodoro Rosso Standard,0,05_pomodoro_rosso.csv,21,4,1904.5,1334.5,127.75,1898.75,82.75,2214.0,8963.0,25.5,1287.214693307479,84.79927279562406,1294.1999781074535,5975.6192426671005,17.0,14.863012535184929,1.4271262538244567,1.6590483202768953
tomato_0166,4,Pomodoro Rosso Standard,0,05_pomodoro_rosso.csv,30,7,2922.8571428571427,2179.714285714286,303.0,2851.714285714286,220.57142857142858,3239.8571428571427,11546.142857142857,49.0,838.1643491526445,99.45183088644806,853.1949199500496,128.72895112267037,18.708286933869708,9.411597992073618,1.3409358963255003,1.4863678002329435
tomato_0167,4,Pomodoro Rosso Standard,0,05_pomodoro_rosso.csv,27,5,3104.0,2241.2,221.2,3007.6,144.2,3586.6,9510.4,27.2,1812.9674569611007,127.16799911927528,1783.5492143476165,5317.094958715708,15.20526224699857,13.596744412443742,1.3849723300688366,1.6003034017477091
tomato_0168,4,Pomodoro Rosso Standard,0,05_pomodoro_rosso.csv,30,6,3755.1666666666665,2676.6666666666665,286.5,3911.6666666666665,194.5,4347.666666666667,9906.666666666666,28.333333333333332,1908.7031635816677,153.45455353295972,2020.898183151904,4854.0030352964,13.880441875771341,13.653286318093556,1.4029265202879457,1.6242839291745308
tomato_0169,4,Pomodoro Rosso Standard,0,05_pomodoro_rosso.csv,24,6,1802.1666666666667,1329.5,179.83333333333334,1743.6666666666667,106.33333333333333,2041.6666666666667,9766.833333333334,57.5,945.1278044088359,92.16380345160819,937.2350114387889,4785.922582602718,28.16913204200655,9.69601428937826,1.3555221159168451,1.5356650254306254
tomato_0170,4,Pomodoro Rosso Standard,0,05_pomodoro_rosso.csv,27,6,3987.8333333333335,2880.5,429.5,4137.833333333333,313.3333333333333,4436.333333333333,9634.0,34.166666666666664,2002.0982410128295,227.48252680151063,2097.345790914476,4720.460570749427,21.821243472054167,9.634070400448497,1.3844239956566893,1.5401261301621494
tomato_0171,4,Pomodoro Rosso Standard,0,05_pomodoro_rosso.csv,24,3,619.0,443.6666666666667,51.666666666666664,661.0,35.333333333333336,711.3333333333334,3947.6666666666665,11.333333333333334,1070.4073990775662,87.75724091682312,1143.153532995459,6837.559238012738,19.629909152447276,12.793545910926598,1.395191553827388,1.603305748986347
tomato_0172,4,Pomodoro Rosso Standard,0,05_pomodoro_rosso.csv,33,7,3546.0,2570.285714285714,370.14285714285717,3646.1428571428573,278.14285714285717,3978.4285714285716,9909.714285714286,29.142857142857142,1714.7339929757811,192.35681130945912,1783.5811754792126,4371.454933782943,12.850792082313724,9.850636553630043,1.379613156037521,1.5478545960232424
tomato_0173,4,Pomodoro Rosso Standard,0,05_pomodoro_rosso.csv,30,6,3454.6666666666665,2676.0,324.5,3253.3333333333335,235.0,3795.0,9666.166666666666,28.333333333333332,1738.1225119843155,167.47865535643638,1648.4210222715149,4735.674541885946,13.880441875771341,10.025680225197323,1.2909815596998695,1.4181614296780214
tomato_0174,4,Pomodoro Rosso Standard,0,05_pomodoro_rosso.csv,27,5,3054.6,2284.6,194.2,2880.4,116.8,3538.8,9589.0,27.2,1763.5937173850443,109.69366435669838,1678.570910030315,5360.714271438089,15.20526224699857,14.832131059107567,1.3370393008095975,1.5489801210322152
tomato_0175,4,Pomodoro Rosso Standard,0,05_pomodoro_rosso.csv,30,6,3379.6666666666665,2374.6666666666665,357.0,3582.5,256.8333333333333,3954.8333333333335,9673.5,34.166666666666664,1712.5981042459048,192.02395683872362,1826.7552381203127,4739.9945042162235,21.821243472054167,10.03501372450942,1.4232172876619147,1.665426719544806
tomato_0176,4,Pomodoro Rosso Standard,0,05_pomodoro_rosso.csv,30,6,3738.1666666666665,2654.5,346.6666666666667,3907.6666666666665,241.66666666666666,4349.166666666667,9774.333333333334,28.333333333333332,1901.450122055971,184.1962721302108,2010.6050498958434,4788.5608137170675,13.880441875771341,11.27211505945822,1.408237578671799,1.6384127520371214
tomato_0177,4,Pomodoro Rosso Standard,0,05_pomodoro_rosso.csv,33,7,3848.285714285714,2820.1428571428573,402.14285714285717,3919.1428571428573,290.14285714285717,4269.142857142857,9948.857142857143,34.142857142857146,1877.2468949932784,223.21396952358558,1952.5436767262877,4390.921369848301,19.920078408719274,9.745648070268077,1.364571192162505,1.5138037533070123
tomato_0178,4,Pomodoro Rosso Standard,0,05_pomodoro_rosso.csv,30,7,2683.4285714285716,1977.857142857143,406.42857142857144,2689.714285714286,288.0,2910.285714285714,11185.0,84.0,801.7000389054202,144.96649859290153,852.5334234475727,127.64795337176386,18.708286933869708,6.6179260234605195,1.3567352766362248,1.4714337231491252
tomato_0179,4,Pomodoro Rosso Standard,0,05_pomodoro_rosso.csv,15,5,1023.6,718.6,98.4,1083.8,65.2,1205.4,7049.6,27.4,936.0063033975787,88.9764013657554,992.7823024208278,6435.496274569662,28.80624932197873,11.014226522944458,1.4244363842967385,1.677428309526464
tomato_0180,4,Pomodoro Rosso Standard,0,05_pomodoro_rosso.csv,30,6,4153.833333333333,3013.5,517.6666666666666,4439.833333333333,347.3333333333333,4763.0,9609.5,57.5,2114.7449412793653,278.1579886802942,2297.40509415877,4708.260432473972,28.16913204200655,8.576625719704591,1.3784082693045463,1.5805541676437558
tomato_0181,4,Pomodoro Rosso Standard,0,05_pomodoro_rosso.csv,36,8,4385.375,3263.5,531.75,4317.0,399.0,4825.375,9980.75,47.25,2041.1656989853336,305.9742052620029,2036.1165417108548,4045.012722918363,25.777897509300484,8.118476575110925,1.3437643592959572,1.4785889337257885
tomato_0182,4,Pomodoro Rosso Standard,0,05_pomodoro_rosso.csv,24,6,1601.6666666666667,1161.3333333333333,123.0,1579.6666666666667,71.83333333333333,1824.8333333333333,7950.833333333333,40.166666666666664,1275.8958682692983,95.22394656807708,1247.1092440787481,6158.977688437154,33.93768799825154,12.842817384052788,1.3791618710175502,1.5713260484673417
tomato_0183,4,Pomodoro Rosso Standard,0,05_pomodoro_rosso.csv,33,8,3612.75,2803.125,556.375,3386.0,286.75,3967.875,10028.125,142.625,1734.5023782053456,289.0995565050707,1618.4692062033714,4054.388572451902,59.75889055195051,6.085823301086079,1.2888294268402962,1.4155183895990424
tomato_0184,4,Pomodoro Rosso Standard,0,05_pomodoro_rosso.csv,30,6,3278.0,2202.5,335.8333333333333,3415.5,241.83333333333334,3883.3333333333335,9676.166666666666,28.333333333333332,1644.6852586437321,170.37536989443828,1725.4210790412872,4740.852641315344,13.880441875771341,10.170223022226612,1.4883087333107434,1.763147929944088
tomato_0185,4,Pomodoro Rosso Standard,0,05_pomodoro_rosso.csv,30,6,4325.0,3297.5,382.6666666666667,4306.166666666667,241.0,4909.833333333333,9841.833333333334,45.833333333333336,2219.4397491258915,207.1662778221076,2247.8836639529786,4822.175625862943,28.251843597660432,11.253048486418594,1.3115996927623965,1.488956275494699
tomato_0186,4,Pomodoro Rosso Standard,0,05_pomodoro_rosso.csv,30,6,3845.5,2704.6666666666665,389.8333333333333,4019.5,272.0,4471.5,9711.333333333334,28.333333333333332,1964.0328663237792,202.65380989921374,2087.6390253106497,4757.859925078361,13.880441875771341,10.310816323792656,1.4218018187510408,1.653253629578801
tomato_0187,4,Pomodoro Rosso Standard,0,05_pomodoro_rosso.csv,21,4,437.75,306.0,41.25,478.75,27.75,519.75,2948.25,8.5,873.5,80.5,955.5,5896.5,17.0,11.606057792470837,1.4305555088053756,1.6985293562572108
tomato_0188,4,Pomodoro Rosso Standard,0,05_pomodoro_rosso.csv,27,6,3382.6666666666665,2384.6666666666665,310.3333333333333,3513.6666666666665,214.5,3936.8333333333335,9787.833333333334,34.166666666666664,1770.5664253754128,167.49407949735618,1869.6199257246556,4795.735039247547,21.821243472054167,11.322233791979578,1.4185071229304984,1.6508945974941518
tomato_0189,4,Pomodoro Rosso Standard,0,05_pomodoro_rosso.csv,30,6,2945.8333333333335,2008.6666666666667,283.1666666666667,3017.3333333333335,181.33333333333334,3419.3333333333335,9787.5,57.5,1509.820441862762,143.1075353245477,1538.1176374603688,4795.096109568608,28.16913204200655,10.655679435349755,1.4665615592438024,1.7022900678611514
tomato_0190,4,Pomodoro Rosso Standard,0,05_pomodoro_rosso.csv,33,8,2510.5,1730.875,243.125,2538.5,171.25,2888.0,10195.875,38.5,1252.3564075088893,119.99813986653531,1252.2519144097394,4122.783298331359,22.181073012818835,10.441130675943212,1.4504224658024267,1.6685202474556495
tomato_0191,4,Pomodoro Rosso Standard,0,05_pomodoro_rosso.csv,30,6,3395.0,2559.3333333333335,288.5,3337.0,229.16666666666666,3729.3333333333335,9698.166666666666,22.666666666666668,1751.1626994657006,149.79953270955153,1735.80332987352,4751.653077263393,17.557524502806956,11.56672403581546,1.3265173170362698,1.4571502938637002
tomato_0192,4,Pomodoro Rosso Standard,0,05_pomodoro_rosso.csv,30,6,3799.3333333333335,2803.0,403.0,3664.8333333333335,221.0,4220.833333333333,9797.0,80.83333333333333,1975.8776952702985,216.26927659748623,1950.7704546323914,4800.241285602214,42.00198408012015,9.093879013385964,1.3554524865425646,1.5058270846503967
tomato_0193,4,Pomodoro Rosso Standard,0,05_pomodoro_rosso.csv,42,10,4164.4,3141.8,530.5,4095.4,388.3,4742.6,10234.7,62.1,1743.3271000525915,284.52035662379825,1723.3519147934421,3608.853220438131,21.819715855161817,7.719886753630788,1.325482203432802,1.509516832677074
tomato_0194,4,Pomodoro Rosso Standard,0,05_pomodoro_rosso.csv,9,2,1.0,1.0,1.0,1.0,1.0,1.0,0.0,0.0,0.0,0.0,0.0,0.0,0.0,0.9999900000999989,0.9999900000999989,0.9999900000999989
tomato_0195,4,Pomodoro Rosso Standard,0,05_pomodoro_rosso.csv,30,7,3566.714285714286,2604.1428571428573,400.14285714285717,3482.714285714286,331.14285714285717,3950.8571428571427,11345.42857142857,34.142857142857146,1075.4251429528872,147.0050209702927,1092.1312061417216,163.07856710070473,19.920078408719274,8.703677040607857,1.3696308027936717,1.5171430080531012
tomato_0196,4,Pomodoro Rosso Standard,0,05_pomodoro_rosso.csv,21,4,1536.25,1119.5,142.75,1447.25,116.5,1723.5,11478.25,17.0,218.30006107801864,14.032699906527847,239.24098729105762,135.27348841020796,19.629909152447276,10.138353055106617,1.372264391493842,1.539526560611643
tomato_0197,4,Pomodoro Rosso Standard,0,05_pomodoro_rosso.csv,33,7,4137.142857142857,3086.4285714285716,368.7142857142857,3974.285714285714,255.85714285714286,4624.428571428572,10039.142857142857,39.142857142857146,1952.611450389062,195.68402616268426,1883.7129747996566,4429.002650280362,23.877664398823793,10.778767627077205,1.3404304515700005,1.498310571400984
tomato_0198,4,Pomodoro Rosso Standard,0,05_pomodoro_rosso.csv,33,8,2526.625,1871.25,236.625,2467.875,159.625,2784.25,8771.375,38.625,1711.4888203382625,157.27586092141232,1657.6952535286541,5414.402854226599,34.36334217904722,10.429476579842511,1.3502337937195255,1.4879091436851883
tomato_0199,4,Pomodoro Rosso Standard,0,05_pomodoro_rosso.csv,33,8,2864.75,2047.75,348.875,2912.0,277.125,3261.25,9914.375,29.75,1352.915977752182,179.7136114568319,1411.2516228005347,4009.9313473816837,12.020815280171307,8.346828854265029,1.3989744773582007,1.592601628164563
tomato_0200,4,Pomodoro Rosso Standard,0,05_pomodoro_rosso.csv,24,4,1932.5,1331.5,149.0,1995.75,88.5,2344.5,8958.0,34.25,1295.2617496089351,98.7555905590497,1340.2998109875764,5972.187929617307,28.17061116364594,13.394294403067489,1.4513706237223385,1.7607960814059627
tomato_0201,4,Pomodoro Rosso Standard,0,05_pomodoro_rosso.csv,33,7,3517.5714285714284,2632.285714285714,308.14285714285717,3438.8571428571427,216.0,3894.285714285714,10051.0,34.142857142857146,1681.526573993887,154.04915727501677,1660.4210739620064,4433.870957376485,19.92007840871928,11.159944005008771,1.3363182408801542,1.4794312328470538
tomato_0202,4,Pomodoro Rosso Standard,0,05_pomodoro_rosso.csv,21,4,2275.75,1650.25,136.75,2282.5,84.25,2642.5,9027.25,25.5,1537.7961232447774,90.69132630338287,1534.4793905426036,6018.336834209265,17.0,16.69104082698056,1.3790334714192791,1.6012725247612634
tomato_0203,4,Pomodoro Rosso Standard,0,05_pomodoro_rosso.csv,30,7,2828.285714285714,1991.7142857142858,269.57142857142856,2840.5714285714284,172.14285714285714,3272.4285714285716,10064.285714285714,54.142857142857146,1447.6070731021032,142.41237907670003,1497.9416830151586,4438.0402099081875,27.205566657264413,10.537360499408992,1.4200258141298374,1.643021079112647
tomato_0204,4,Pomodoro Rosso Standard,0,05_pomodoro_rosso.csv,30,6,4067.0,2928.5,507.3333333333333,4049.5,362.1666666666667,4576.166666666667,9489.166666666666,51.666666666666664,2075.654402832996,271.45140756066576,2102.1853153325947,4649.211219837905,28.925190866555514,7.98193151152566,1.388765574906042,1.5626316035650847
tomato_0205,4,Pomodoro Rosso Standard,0,05_pomodoro_rosso.csv,30,7,3008.1428571428573,2042.4285714285713,362.14285714285717,3158.285714285714,291.42857142857144,3495.5714285714284,9751.857142857143,34.142857142857146,1542.3167020828796,200.55791231082407,1677.5418240474874,4304.153088532495,19.92007840871928,8.721104295669704,1.4728264598798455,1.7114779240537557
tomato_0206,4,Pomodoro Rosso Standard,0,05_pomodoro_rosso.csv,18,7,1781.7142857142858,1246.857142857143,219.14285714285714,1881.5714285714287,153.85714285714286,2053.1428571428573,9821.857142857143,54.142857142857146,928.6690681266596,106.11539092175174,972.5312089495907,4332.084772507398,27.205566657264413,8.586049151875201,1.4289642415183894,1.646654432256438
tomato_0207,4,Pomodoro Rosso Standard,0,05_pomodoro_rosso.csv,21,4,1439.75,1061.75,183.25,1308.25,109.5,1632.0,11406.0,112.25,206.88221286519536,14.591664287073858,259.75164420397164,321.7400607115419,32.98863440641337,7.139153771396793,1.3560159985305769,1.5370849867004004
tomato_0208,4,Pomodoro Rosso Standard,0,05_pomodoro_rosso.csv,33,8,3439.875,2372.0,350.25,3434.375,265.0,4043.5,10109.75,29.75,1549.1635934547758,182.36756447194378,1568.9281088419207,4089.394357883049,12.020815280171307,9.805495794275638,1.450200246837267,1.70467958809157
tomato_0209,4,Pomodoro Rosso Standard,0,05_pomodoro_rosso.csv,30,7,3544.8571428571427,2543.4285714285716,430.57142857142856,3624.1428571428573,304.7142857142857,4008.714285714286,9849.714285714286,54.142857142857146,1741.7922214940402,243.3371167351014,1819.3408539515467,4349.987153785082,27.205566657264413,8.41705355368489,1.3937317401953928,1.5761064867261594
tomato_0210,4,Pomodoro Rosso Standard,0,05_pomodoro_rosso.csv,24,5,1609.2,1135.2,144.6,1623.6,95.6,1848.8,9408.8,27.2,916.7018053871171,81.59227904648822,932.1272981733771,5259.865083821067,15.20526224699857,11.228214991133125,1.417547556223154,1.6286116840326665
tomato_0211,4,Pomodoro Rosso Standard,0,05_pomodoro_rosso.csv,30,6,3906.0,2827.5,276.8333333333333,3826.3333333333335,187.16666666666666,4413.5,9911.833333333334,28.333333333333332,1975.8423013995828,147.5973125319925,1959.4828569463596,4856.168383269537,13.880441875771341,13.821793600657669,1.381432355857003,1.5609195347093914
tomato_0212,4,Pomodoro Rosso Standard,0,05_pomodoro_rosso.csv,24,4,2571.5,1835.0,165.5,2507.25,105.5,2934.25,8980.75,25.5,1719.9345917795827,109.84382853245177,1679.5508080039338,5987.179824424852,17.0,15.149545912414144,1.4013623901833112,1.5990463128117367
tomato_0213,4,Pomodoro Rosso Standard,0,05_pomodoro_rosso.csv,33,7,3773.0,2675.714285714286,379.85714285714283,3916.8571428571427,256.7142857142857,4332.142857142857,10023.42857142857,44.142857142857146,1810.1890324862024,193.5376178519554,1930.0705020431617,4421.007119693538,26.17523365975664,10.311394989921908,1.4100907582110862,1.619060324968808
tomato_0214,4,Pomodoro Rosso Standard,0,05_pomodoro_rosso.csv,30,6,3734.3333333333335,2633.0,410.5,3738.3333333333335,325.6666666666667,4298.666666666667,9514.0,28.333333333333332,1882.4443329529472,218.6327971737086,1897.5442726499602,4661.575313131817,13.880441875771341,9.106780127321638,1.4182807896507883,1.6326117168023355
tomato_0215,4,Pomodoro Rosso Standard,0,05_pomodoro_rosso.csv,7,1,1.0,1.0,1.0,1.0,1.0,1.0,0.0,0.0,0.0,0.0,0.0,0.0,0.0,0.9999900000999989,0.9999900000999989,0.9999900000999989
tomato_0216,4,Pomodoro Rosso Standard,0,05_pomodoro_rosso.csv,30,7,3354.5714285714284,2514.5714285714284,347.57142857142856,3280.4285714285716,244.0,3737.8571428571427,9940.285714285714,44.142857142857146,1658.4521756890124,189.32323078345593,1662.3364939288372,4385.613363194318,26.17523365975664,9.438141939716427,1.3340529432232866,1.4864788033147642
tomato_0217,4,Pomodoro Rosso Standard,0,05_pomodoro_rosso.csv,36,8,3350.25,2430.375,209.75,3345.5,124.625,3901.5,10524.5,29.75,1529.2842163200776,92.02290087643557,1520.3976923348519,4252.973917490812,12.020815280171307,15.949939644818134,1.3784909679432558,1.6053078162616556
tomato_0218,4,Pomodoro Rosso Standard,0,05_pomodoro_rosso.csv,30,6,4025.3333333333335,2929.3333333333335,375.0,4079.5,273.0,4544.0,9736.5,28.333333333333332,2068.2465681505837,214.54043907851033,2133.0901293663146,4772.133893762831,13.880441875771341,10.878666376568898,1.3741465588046884,1.5512061849640206
tomato_0219,4,Pomodoro Rosso Standard,0,05_pomodoro_rosso.csv,27,5,2157.2,1535.0,167.2,2201.2,107.6,2474.6,9509.0,27.2,1216.654305873283,93.60929441033085,1246.4885478816082,5315.9395688814975,15.20526224699857,13.165070982950299,1.4053420103886514,1.6121172533412556
tomato_0220,4,Pomodoro Rosso Standard,0,05_pomodoro_rosso.csv,33,8,3133.875,2171.125,348.25,3055.375,263.5,3531.25,10004.375,38.5,1522.7766403608152,182.0986781155442,1523.4572465753206,4045.794816402405,22.181073012818835,8.773510157257427,1.4434336970767057,1.626460928659285
tomato_0221,4,Pomodoro Rosso Standard,0,05_pomodoro_rosso.csv,18,3,1439.6666666666667,987.6666666666666,143.0,1404.0,113.33333333333333,1656.0,11490.0,34.0,78.94512862319836,7.211102550927978,95.40964311850244,9.539392014169456,0.0,9.818181131595725,1.4576442646880434,1.6766790245358183
tomato_0222,4,Pomodoro Rosso Standard,0,05_pomodoro_rosso.csv,36,8,3984.625,2894.0,483.125,4054.25,324.0,4460.5,10074.75,60.375,1802.9456799914965,246.8761618417507,1875.7139402676214,4077.6975558693484,24.39518395093589,8.391720395514197,1.3768572861891593,1.5412923236306415
tomato_0223,4,Pomodoro Rosso Standard,0,05_pomodoro_rosso.csv,27,6,2194.0,1584.3333333333333,194.16666666666666,2186.5,133.0,2509.5,9781.833333333334,34.166666666666664,1107.9108267365202,97.1296384563778,1104.3439228791,4792.224093953315,21.821243472054167,11.260943626045822,1.3848095852000237,1.583946970856636
tomato_0224,4,Pomodoro Rosso Standard,0,05_pomodoro_rosso.csv,30,6,3607.5,2638.5,323.3333333333333,3599.5,235.33333333333334,4143.166666666667,9739.333333333334,28.333333333333332,1861.0204458844617,175.8506942456204,1882.3006933006213,4771.741051929229,13.880441875771341,11.13247388250081,1.367254116478097,1.5702735080401484
tomato_0225,4,Pomodoro Rosso Standard,0,05_pomodoro_rosso.csv,27,6,3663.3333333333335,2709.5,283.8333333333333,3534.0,171.33333333333334,4170.666666666667,9912.5,45.833333333333336,1855.5669394195043,144.50386384684205,1778.2189966368035,4856.372545429356,28.251843597660432,12.450968439777979,1.352032965422773,1.5392753833821418
tomato_0226,4,Pomodoro Rosso Standard,0,05_pomodoro_rosso.csv,30,7,3119.285714285714,2308.4285714285716,307.42857142857144,2908.714285714286,225.71428571428572,3399.1428571428573,9903.714285714286,34.142857142857146,1522.6290546601422,169.64065662733205,1449.8342105548616,4370.075770292231,19.920078408719274,9.461430919005501,1.3512593542553277,1.472492103281487
tomato_0227,4,Pomodoro Rosso Standard,0,05_pomodoro_rosso.csv,27,6,2248.5,1614.1666666666667,170.83333333333334,2179.3333333333335,115.66666666666667,2518.6666666666665,9848.5,28.333333333333332,1208.8673624513153,88.58987903065827,1214.8523641441648,4825.560350881543,13.880441875771341,12.757072423976249,1.3929788246175807,1.560351048671031
tomato_0228,4,Pomodoro Rosso Standard,0,05_pomodoro_rosso.csv,30,7,3286.0,2365.285714285714,376.57142857142856,3202.5714285714284,266.57142857142856,3599.1428571428573,9841.57142857143,59.142857142857146,1709.803789912749,207.36992480657776,1739.3003245695147,4343.025974945075,32.992062537467866,8.504552126206887,1.3892613337411188,1.5216524668408726
tomato_0229,4,Pomodoro Rosso Standard,0,05_pomodoro_rosso.csv,30,6,4416.666666666667,3208.6666666666665,409.6666666666667,4204.166666666667,301.8333333333333,4990.0,9689.0,28.333333333333332,2286.7640601222215,237.15620731211456,2224.825873336308,4749.612994760731,13.880441875771341,10.262408211658059,1.3764803613864107,1.5551630950909108
tomato_0230,4,Pomodoro Rosso Standard,0,05_pomodoro_rosso.csv,27,5,3280.8,2424.4,228.8,3082.8,142.0,3725.8,9538.6,27.2,1868.1456581326843,129.7717226517395,1768.349286764354,5332.3196922165125,15.20526224699857,13.473775634887428,1.353242033685687,1.5367926021415912
tomato_0231,4,Pomodoro Rosso Standard,0,05_pomodoro_rosso.csv,10,2,1.0,1.0,1.0,1.0,1.0,1.0,0.0,0.0,0.0,0.0,0.0,0.0,0.0,0.9999900000999989,0.9999900000999989,0.9999900000999989
tomato_0232,0,Pomodoro Verde Standard,0,01_pomodoro_verde.csv,9,4,622.25,470.75,316.0,297.75,186.25,594.25,5131.75,2359.0,149.15176834352317,47.48333040833032,35.61249780624774,546.4682820926877,216.9592895760247,0.9422468056251012,1.3218268439335774,1.262347291293738
tomato_0233,0,Pomodoro Verde Standard,0,01_pomodoro_verde.csv,21,8,2228.375,1530.625,930.5,713.75,382.375,2103.875,6990.5,2801.75,1369.9121908773152,522.1048061179179,378.0312723269635,1504.4126523568686,336.3954942793208,0.767060711799455,1.455859524992343,1.37452020335144
tomato_0234,0,Pomodoro Verde Standard,0,01_pomodoro_verde.csv,21,8,2601.5,1805.875,1176.375,914.0,490.125,2575.375,7138.375,2837.125,1534.1056957440337,649.6634156018242,490.7009563587874,891.1023570355347,193.85593877929043,0.7769631216494475,1.4405758901331716,1.4261092189320457
tomato_0235,0,Pomodoro Verde Standard,0,01_pomodoro_verde.csv,12,5,1083.2,805.2,607.8,520.8,292.2,1202.6,6477.6,2655.6,393.49104182941704,183.47670151820367,146.4127726668681,300.62318606521353,142.52824281523996,0.856860795379059,1.3452558203520142,1.4935419585998264
tomato_0236,0,Pomodoro Verde Standard,0,01_pomodoro_verde.csv,21,8,2199.625,1510.875,1041.875,908.0,411.875,2333.25,7354.875,2425.0,1309.1992031663588,579.8840863236622,462.99058922864265,785.3616887414722,261.55742335916545,0.8715056904954464,1.4558616599264556,1.5443037872471
tomato_0237,0,Pomodoro Verde Standard,0,01_pomodoro_verde.csv,18,7,1958.5714285714287,1397.142857142857,1027.2857142857142,916.1428571428571,465.2857142857143,1924.142857142857,6741.714285714285,2405.714285714286,1069.2677957591443,490.51561792523125,398.15718360610157,548.2787351599288,302.73404955819683,0.8918091972706657,1.401840480763923,1.377198354150932
tomato_0238,0,Pomodoro Verde Standard,0,01_pomodoro_verde.csv,15,6,1121.0,809.8333333333334,468.0,517.5,200.0,1267.3333333333333,7545.5,1763.1666666666667,500.65996444692877,163.4111379312928,179.33181535912695,670.0175370839185,159.34919725767892,1.1057692071416836,1.3842354222979778,1.5649310364486801
tomato_0239,0,Pomodoro Verde Standard,0,01_pomodoro_verde.csv,3,2,574.0,425.5,371.5,376.0,221.0,591.5,5196.0,2036.0,67.88225099390856,36.062445840513924,31.11269837220809,50.91168824543142,72.12489168102785,1.0121130279377382,1.349001143384227,1.39012922702399
tomato_0240,0,Pomodoro Verde Standard,0,01_pomodoro_verde.csv,18,7,1939.857142857143,1322.2857142857142,1048.857142857143,1050.142857142857,485.14285714285717,1949.7142857142858,6904.142857142857,2102.4285714285716,1136.9618036051795,577.6692907917206,586.5638438031643,469.0989336204139,319.8811535257311,1.0012258144802768,1.467048389942374,1.474503013913655
tomato_0241,0,Pomodoro Verde Standard,0,01_pomodoro_verde.csv,18,7,2393.1428571428573,1651.2857142857142,1102.2857142857142,1172.2857142857142,483.14285714285717,2455.1428571428573,7423.714285714285,1984.7142857142858,1441.2917156231106,611.6550537369121,661.5231702381292,549.172017460745,443.37257255635257,1.0635043967800275,1.4492603078598305,1.4868068081947856
tomato_0242,0,Pomodoro Verde Standard,0,01_pomodoro_verde.csv,12,5,1425.0,1050.4,666.2,909.8,312.4,1600.0,8120.2,1275.6,694.3705782937523,285.8788204816859,415.4403687654824,635.0733815867266,101.54949532124716,1.3656559386722313,1.3566260343047787,1.5232292315001024
tomato_0243,0,Pomodoro Verde Standard,0,01_pomodoro_verde.csv,6,3,627.6666666666666,484.3333333333333,420.6666666666667,400.0,247.66666666666666,733.3333333333334,5174.333333333333,2356.0,121.51680267902597,56.58916268450464,57.584720195551874,78.38579803340228,91.88579868510693,0.9508716097257145,1.2959394088931988,1.5141087092751129
tomato_0244,0,Pomodoro Verde Standard,0,01_pomodoro_verde.csv,18,7,2020.142857142857,1447.7142857142858,1051.4285714285713,894.5714285714286,475.7142857142857,2028.7142857142858,6701.142857142857,2609.714285714286,1332.9866751736404,643.1629801594763,528.0924341889581,604.4202259387168,136.74150099819036,0.850815209299312,1.395401608675931,1.4013222717493035
tomato_0245,0,Pomodoro Verde Standard,0,01_pomodoro_verde.csv,15,6,1898.6666666666667,1306.8333333333333,767.0,645.8333333333334,321.6666666666667,1698.3333333333333,7080.5,2604.6666666666665,921.0319574622081,305.8829841622446,229.70974438770912,885.4318155566808,229.40764299967572,0.8420251954538219,1.4528758975675866,1.299579125369883
tomato_0246,0,Pomodoro Verde Standard,0,01_pomodoro_verde.csv,6,3,672.3333333333334,492.6666666666667,328.0,311.0,187.0,618.0,5394.0,2343.3333333333335,156.72055810688443,37.5099986670221,29.444863728670914,323.7838785362854,96.50043177796321,0.9481707027996737,1.3646819750064552,1.2543978094506534
tomato_0247,0,Pomodoro Verde Standard,0,01_pomodoro_verde.csv,15,6,2411.6666666666665,1696.3333333333333,1034.0,1144.0,454.3333333333333,2404.5,7586.666666666667,1751.5,1233.6305227525245,481.33107109348344,515.7282230012238,239.4424078284101,156.13039422226538,1.1063829680233757,1.4216938410982873,1.4174690425380092
tomato_0248,0,Pomodoro Verde Standard,0,01_pomodoro_verde.csv,18,7,2038.4285714285713,1431.7142857142858,994.2857142857143,895.2857142857143,414.42857142857144,2185.5714285714284,7123.714285714285,2344.1428571428573,1232.0761417410934,531.8839830532326,434.16422172787503,653.0828723027714,258.3050061274001,0.9004310254266995,1.4237677010912253,1.5265415977990509
tomato_0249,0,Pomodoro Verde Standard,0,01_pomodoro_verde.csv,12,5,1150.2,839.4,517.4,777.8,270.0,1165.6,7901.0,1076.8,575.5959520358009,191.60845492827295,344.3300742020656,982.1323739700265,141.03971072006635,1.5032856300099415,1.3702644583003998,1.3886108960136896
tomato_0250,0,Pomodoro Verde Standard,0,01_pomodoro_verde.csv,9,4,801.75,612.25,437.5,411.25,218.75,893.0,6260.75,2338.0,190.09011021092076,79.05483329099282,68.65068584265322,456.4634888648452,122.99864497898612,0.9399999785142863,1.3095140659940536,1.458554488222875
tomato_0251,4,Pomodoro Rosso Standard,0,05_pomodoro_rosso.csv,15,6,1891.1666666666667,1278.0,264.6666666666667,2006.8333333333333,182.16666666666666,2146.5,11187.0,114.16666666666667,1082.6178303846038,94.95823643405909,1151.3095876725195,715.9664796622814,49.39804314612743,7.582493416278586,1.4797861125734004,1.6795774516464987
tomato_0252,4,Pomodoro Rosso Standard,0,05_pomodoro_rosso.csv,18,7,2383.0,1514.857142857143,263.57142857142856,2498.8571428571427,172.28571428571428,2914.1428571428573,11138.857142857143,115.0,1466.6961739456017,99.76114330883401,1523.3263415490271,1620.5809070177509,79.86864215698174,9.480758447884504,1.5730856176804986,1.9237080220049452
tomato_0253,4,Pomodoro Rosso Standard,0,05_pomodoro_rosso.csv,15,6,2407.1666666666665,1526.6666666666667,263.6666666666667,2556.3333333333335,167.66666666666666,3044.6666666666665,11652.5,87.0,1194.6819520971542,88.24435770442588,1228.785036801257,353.83541371660357,13.942740046346701,9.69532200902698,1.5767467145627942,1.9943231310415515
tomato_0254,4,Pomodoro Rosso Standard,0,05_pomodoro_rosso.csv,9,4,680.25,470.0,142.0,742.75,104.75,901.0,10709.0,125.5,196.38121940076994,10.295630140987,213.84476456844422,544.5567004454174,15.154757228892407,5.230633434462434,1.4473403947374386,1.917021235808059
tomato_0255,4,Pomodoro Rosso Standard,0,05_pomodoro_rosso.csv,15,6,1929.3333333333333,1250.6666666666667,260.1666666666667,2099.3333333333335,172.16666666666666,2357.6666666666665,11181.333333333334,111.66666666666667,1090.8709670106114,93.73242057402906,1207.6124654319642,1055.4302756064308,43.22807729551092,8.06918610880771,1.5426439109063652,1.8851279166967383
tomato_0256,4,Pomodoro Rosso Standard,0,05_pomodoro_rosso.csv,12,5,1316.8,883.4,199.0,1486.2,135.8,1565.8,10970.0,111.2,715.4646741803539,31.54362059117501,791.3436042579733,1262.8669763676617,35.33694950048744,7.468341333249179,1.4906044658070583,1.7724699821997965
tomato_0257,4,Pomodoro Rosso Standard,0,05_pomodoro_rosso.csv,12,5,2066.2,1349.4,234.2,2229.0,141.4,2577.4,11716.4,95.4,1041.5803857600238,79.07717749135966,1039.6424866270136,250.70560424529805,11.260550608207398,9.51750599839855,1.5311990400830067,1.9100340750701492
tomato_0258,4,Pomodoro Rosso Standard,0,05_pomodoro_rosso.csv,18,7,2554.4285714285716,1780.857142857143,361.85714285714283,2694.1428571428573,249.71428571428572,3099.285714285714,11127.857142857143,103.14285714285714,1517.3577755584274,203.70029338174632,1636.984262658159,1001.0019028572372,28.55654374177993,7.445321547109157,1.4343815096737762,1.740333697912453
tomato_0259,4,Pomodoro Rosso Standard,0,05_pomodoro_rosso.csv,15,6,1872.5,1316.5,254.83333333333334,2007.1666666666667,173.66666666666666,2157.1666666666665,10971.833333333334,116.5,1130.4280162840976,87.43321260634694,1200.8649244051833,1376.7151363541648,57.96809467284569,7.876389488173074,1.4223319299481054,1.6385618308249512
tomato_0260,4,Pomodoro Rosso Standard,0,05_pomodoro_rosso.csv,18,7,2272.4285714285716,1487.2857142857142,251.0,2381.8571428571427,151.0,2853.285714285714,10889.285714285714,120.71428571428571,1481.0004340695805,108.11722033669444,1563.451249487431,2462.461147868511,63.2368939931806,9.489470310607329,1.5279031690564575,1.918451624791892
tomato_0261,4,Pomodoro Rosso Standard,0,05_pomodoro_rosso.csv,9,4,795.0,555.5,151.75,906.0,105.0,1072.0,10808.25,149.5,385.2929621296847,11.89887949906769,388.9764345904089,1070.7767819049247,80.80635288556628,5.970345570323191,1.4311430885482792,1.929792944558183
tomato_0262,4,Pomodoro Rosso Standard,0,05_pomodoro_rosso.csv,9,4,742.0,514.25,174.75,807.5,128.75,835.25,10375.25,152.25,217.9342408464841,5.377421934967226,259.69276719487846,914.0161832994717,39.02456491322699,4.620886716973579,1.4428779495794275,1.624209983000292
tomato_0263,4,Pomodoro Rosso Standard,0,05_pomodoro_rosso.csv,15,6,1575.5,1012.5,206.0,1748.0,126.16666666666667,1858.1666666666667,11106.833333333334,141.83333333333334,917.4862941755588,33.538038106007335,1001.1299615933987,1481.8506559929265,94.79117399139366,8.485436481289492,1.5560493673476605,1.8352263193228677
tomato_0264,4,Pomodoro Rosso Standard,0,05_pomodoro_rosso.csv,15,6,1773.1666666666667,1171.3333333333333,249.66666666666666,1988.5,170.0,2172.0,11284.666666666666,101.5,1042.0856810582643,96.4378902022782,1162.1612194527918,616.3296736866291,27.26719640887196,7.964619173646763,1.5138019221929262,1.8542970814943336
tomato_0265,4,Pomodoro Rosso Standard,0,05_pomodoro_rosso.csv,3,2,614.5,451.5,151.0,693.5,108.5,786.0,10623.5,154.5,136.47160876900367,2.8284271247461903,85.55992052357225,77.07463914933368,43.1335136523794,4.5927149276347725,1.3610187959907245,1.7408637488180787
tomato_0266,4,Pomodoro Rosso Standard,0,05_pomodoro_rosso.csv,15,6,1333.0,905.6666666666666,251.16666666666666,1483.1666666666667,179.66666666666666,1612.6666666666667,10221.333333333334,153.33333333333334,878.7256682264381,85.51822417863146,1026.9028029305728,1745.1632206377335,71.07085666197268,5.905109253943892,1.471843929276659,1.7806403925582586
tomato_0267,4,Pomodoro Rosso Standard,0,05_pomodoro_rosso.csv,15,6,1567.3333333333333,993.0,231.66666666666666,1725.3333333333333,152.66666666666666,2006.6666666666667,10968.666666666666,109.83333333333333,944.8376932926982,74.18804935208006,1078.869346430172,1115.812469309546,19.883829275737273,7.447481692914459,1.578381991489943,2.02081233278806
tomato_0268,4,Pomodoro Rosso Standard,0,05_pomodoro_rosso.csv,12,5,1045.6,702.4,168.8,1160.0,115.6,1365.8,10990.4,116.0,499.84077464728705,13.103434664239753,534.3556867854968,1024.4665929155522,26.59887215654077,6.872037507580716,1.4886104571667076,1.9444760543212407
tomato_0269,5,Pomodorino Giallo (Cherry),1,13_pomodorino_giallo.csv,6,3,595.0,460.6666666666667,286.0,647.0,134.33333333333334,697.0,9810.333333333334,627.0,232.2692403225188,59.80802621722272,196.22181326244032,903.7838974740218,26.153393661244042,2.262237683138543,1.2916063395454485,1.5130245691818112
tomato_0270,5,Pomodorino Giallo (Cherry),1,13_pomodorino_giallo.csv,12,5,1088.4,801.8,445.4,1118.2,156.6,1224.2,10135.2,677.8,634.6265043314847,193.5995867764185,656.2443904522156,1694.7717250414582,99.1624929093657,2.5105522561618265,1.3574457301391156,1.526814647956914
tomato_0271,5,Pomodorino Giallo (Cherry),1,13_pomodorino_giallo.csv,9,4,1056.75,812.75,398.75,960.5,164.0,1195.75,10272.75,626.25,333.17600453814197,97.35288045729995,332.77069181845525,755.9587180086843,33.86615813266493,2.4087773690588747,1.300215302365853,1.4712396004769044
tomato_0272,5,Pomodorino Giallo (Cherry),1,13_pomodorino_giallo.csv,9,4,865.5,629.0,358.75,837.5,141.75,1001.0,10360.25,655.25,253.0790390372146,67.29722629252016,215.61307938063499,598.6536978921954,34.49033681095813,2.3344947084461407,1.375993618823631,1.5914149190554068
tomato_0273,5,Pomodorino Giallo (Cherry),1,13_pomodorino_giallo.csv,6,3,550.0,428.3333333333333,278.3333333333333,604.0,149.0,618.6666666666666,9418.0,602.0,149.36867141405523,38.940124978399,128.3627671873741,536.4447781458964,31.575306807693888,2.170059802273301,1.284046662629261,1.4443579429332776
tomato_0274,5,Pomodorino Giallo (Cherry),1,13_pomodorino_giallo.csv,9,4,1022.5,763.5,412.75,962.0,142.75,1191.75,10525.75,701.25,392.4151713003291,125.7838754901968,368.92908080912605,826.2648384950999,36.10517045152028,2.330708604949519,1.3392272254194209,1.5609037123653737
tomato_0275,5,Pomodorino Giallo (Cherry),1,13_pomodorino_giallo.csv,6,3,764.0,577.3333333333334,361.0,830.0,161.0,893.3333333333334,10108.0,627.0,227.1651381704508,55.24490926773253,164.16150584104668,384.0364566027554,8.18535277187245,2.2991689113803626,1.3233256121825818,1.5473440840529316
tomato_0276,5,Pomodorino Giallo (Cherry),1,13_pomodorino_giallo.csv,12,5,856.6,621.8,303.2,878.2,143.2,991.8,10423.8,457.0,246.01686934029544,54.22822143496871,237.1954889958913,573.4428480677041,21.059439688652688,2.896437899194001,1.3776133583529535,1.5950466131385235
tomato_0277,6,Pomodorino Rosso (Cherry),1,15_pomodorino_rosso.csv,12,5,1293.8,962.0,202.8,1281.2,157.8,1553.0,10809.0,96.2,601.69527171152,27.252522818997875,563.4742230129076,687.4289054149527,37.37244974576861,6.317553929114697,1.3449064309261285,1.6143450975639804
tomato_0278,6,Pomodorino Rosso (Cherry),1,15_pomodorino_rosso.csv,9,4,783.5,608.75,176.0,804.25,142.5,921.25,10134.75,120.75,267.8388819172203,4.546060565661952,274.04546459787775,918.4767734316058,54.00848698738622,4.569602013090795,1.2870636338880719,1.5133469977273595
tomato_0279,6,Pomodorino Rosso (Cherry),1,15_pomodorino_rosso.csv,3,2,545.0,424.0,159.5,566.5,114.5,610.5,10034.0,210.5,121.62236636408618,2.1213203435596424,60.10407640085654,350.72496346852756,23.33452377915607,3.551723915252419,1.2853773281750631,1.439858456607112
tomato_0280,6,Pomodorino Rosso (Cherry),1,15_pomodorino_rosso.csv,12,5,996.2,742.6,173.4,959.6,138.4,1158.4,10242.8,89.0,494.0007085015162,16.57709262808168,416.9398038086553,1682.3066605110973,16.537835408541227,5.534025055707898,1.3415028098370212,1.559924568274649
tomato_0281,6,Pomodorino Rosso (Cherry),1,15_pomodorino_rosso.csv,12,5,1219.2,878.4,230.0,1301.4,172.8,1494.4,10578.4,121.4,594.5537822602763,38.451267859460756,601.3412508717493,1009.2488791175347,41.65693219621435,5.658260623553886,1.3879781262752946,1.7012750261694558
tomato_0282,6,Pomodorino Rosso (Cherry),1,15_pomodorino_rosso.csv,6,3,700.6666666666666,555.6666666666666,181.0,705.6666666666666,143.0,826.3333333333334,10029.333333333334,143.66666666666666,102.71481554933219,3.605551275463989,70.35860525432076,268.0789684651396,25.73583752927682,3.8987106501633155,1.2609477877453907,1.48710255272161
tomato_0283,6,Pomodorino Rosso (Cherry),1,15_pomodorino_rosso.csv,6,3,664.3333333333334,499.0,169.66666666666666,590.0,136.0,795.3333333333334,9670.0,158.0,124.32752443981717,7.234178138070234,67.50555532695068,342.03654775476843,26.28687885618983,3.4774064748090487,1.3313292986373555,1.593854343476533
tomato_0284,7,Pomodorino Verde Scuro Sfumato,1,16_pomodorino_verde_scuro_sfumato.csv,6,3,536.6666666666666,419.6666666666667,188.0,334.6666666666667,147.0,522.3333333333334,7040.0,469.3333333333333,137.46757193365033,1.7320508075688772,32.74650108535771,386.6665229884791,112.49148115894523,1.7801417492832403,1.2787926621415568,1.2446385724073414
tomato_0285,7,Pomodorino Verde Scuro Sfumato,1,16_pomodorino_verde_scuro_sfumato.csv,12,5,1296.4,983.6,218.4,456.6,145.4,1175.6,7906.0,536.6,747.9554131096318,40.703808175648625,188.9002382211309,2282.603009723767,99.35189983085375,2.090659244933185,1.3180154400364434,1.1952012891907147
tomato_0286,7,Pomodorino Verde Scuro Sfumato,1,16_pomodorino_verde_scuro_sfumato.csv,12,5,1024.8,764.8,191.4,368.6,139.4,887.0,7350.0,525.8,534.6617622385203,24.31666095499133,116.77885082496745,1987.725333138359,131.58913328994913,1.9258097217445287,1.3399581414754427,1.1597803195635419
tomato_0287,7,Pomodorino Verde Scuro Sfumato,1,16_pomodorino_verde_scuro_sfumato.csv,9,4,833.5,636.0,190.5,259.75,154.25,723.75,5058.75,710.75,277.03248906942304,10.408329997330663,25.395209522007622,801.5361813418032,90.08283225269211,1.363516988791759,1.3105345705890792,1.137971680220571
tomato_0288,7,Pomodorino Verde Scuro Sfumato,1,16_pomodorino_verde_scuro_sfumato.csv,12,5,1102.2,823.8,200.4,372.2,145.0,1023.4,7109.4,487.2,625.0701560625016,39.0358809302416,132.96503299740124,2265.0263353877367,171.0970484841863,1.8572853364628075,1.3379460871820092,1.2422918033225079
tomato_0289,7,Pomodorino Verde Scuro Sfumato,1,16_pomodorino_verde_scuro_sfumato.csv,12,5,791.8,589.0,201.2,348.2,150.6,725.2,6839.6,577.0,340.91303876501996,20.30270917882636,91.58984659884523,1481.1131962142529,180.39817072243278,1.7306162161721563,1.3443123710643061,1.231239367890673
tomato_0290,7,Pomodorino Verde Scuro Sfumato,1,16_pomodorino_verde_scuro_sfumato.csv,9,4,837.0,622.75,184.75,293.0,137.25,771.0,6558.5,643.0,230.67292862405853,15.063753405664428,49.470529947973404,1097.857458871597,85.49853799919622,1.5859268424396837,1.3440385171571496,1.238056985338306
tomato_0291,7,Pomodorino Verde Scuro Sfumato,1,16_pomodorino_verde_scuro_sfumato.csv,12,5,999.8,732.4,209.0,298.0,143.2,902.8,6327.4,902.8,502.6690760331294,30.854497241083024,67.4054893907017,1223.929042060854,119.88619603607415,1.4258372523522846,1.3651010190455897,1.2326597319407464
