   16;    1;    9;61510;   24;61582;    7;    1; 1441; 1085;  688;  899;  268; 1434; 8773; 1354;    0
   16;    2;    9;61513;   24;61582;    7;    1; 2400; 1814; 1199; 1553;  488; 2414; 8572; 1388;    0
   16;    3;    9;61516;   24;61582;    7;    1; 3391; 2550; 1793; 2297;  786; 3454; 8222; 1354;    0
   16;    4;    9;61519;   24;61582;    7;    1; 4181; 3126; 2229; 2833;  955; 4265; 8286; 1388;    0
   16;    5;    9;61522;   24;61582;    7;    1; 4354; 3253; 2394; 3021; 1011; 4476; 8316; 1423;    0
   16;    6;    9;61525;   24;61582;    7;    1; 3785; 2841; 2170; 2708;  899; 3876; 8350; 1458;    0
   16;    7;    9;61528;   24;61582;    7;    1; 2823; 2119; 1667; 2065;  709; 2895; 8208; 1458;    0
   16;    8;    9;61531;   24;61582;    7;    1; 1729; 1309; 1048; 1280;  393; 1754; 8662; 1527;    0
   16;    9;    9;61534;   24;61582;    7;    1;  831;  634;  527;  631;  207;  806; 8399; 1562;    0
   15;    1;    4;61516;    9;61580;    2;    1; 1277;  967;  708;  860;  312; 1282; 7965; 1493;    0
   15;    2;    4;61519;    9;61580;    2;    1; 1493; 1114;  838; 1031;  359; 1511; 8147; 1458;    0
   15;    3;    4;61522;    9;61580;    2;    1; 1428; 1079;  825; 1034;  354; 1430; 8220; 1423;    0
   15;    4;    4;61525;    9;61580;    2;    1; 1158;  891;  688;  861;  307; 1155; 8042; 1423;    0
   15;    1;    5;62794;   12;62860;    3;    1; 1338; 1040;  930;  971;  553; 1369; 5381; 1875;    0
   15;    2;    5;62797;   12;62860;    3;    1; 1612; 1247; 1165; 1215;  686; 1659; 5442; 1875;    0
   15;    3;    5;62800;   12;62860;    3;    1; 1617; 1255; 1221; 1288;  714; 1674; 5570; 1805;    0
   15;    4;    5;62803;   12;62860;    3;    1; 1321; 1052; 1058; 1103;  638; 1369; 5269; 1875;    0
   15;    5;    5;62806;   12;62860;    3;    1;  888;  707;  738;  788;  463;  895; 5155; 1736;    0
   16;    1;    8;62791;   21;62861;    6;    1; 1688; 1338; 1118; 1150;  648; 1667; 5456; 1944;    0
   16;    2;    8;62794;   21;62861;    6;    1; 2865; 2258; 1966; 2039; 1214; 2868; 5057; 1875;    0
   16;    3;    8;62797;   21;62861;    6;    1; 3979; 3112; 2844; 2952; 1803; 3986; 4865; 1875;    0
   16;    4;    8;62800;   21;62861;    6;    1; 4650; 3604; 3430; 3559; 2187; 4737; 4818; 1875;    0
   16;    5;    8;62803;   21;62861;    6;    1; 4398; 3440; 3414; 3536; 2174; 4508; 4814; 1875;    0
   16;    6;    8;62806;   21;62861;    6;    1; 3421; 2696; 2784; 2872; 1790; 3504; 4709; 1909;    0
   16;    7;    8;62809;   21;62861;    6;    1; 2138; 1699; 1851; 1911; 1150; 2203; 4977; 1909;    0
   16;    8;    8;62812;   21;62861;    6;    1;  997;  817;  930;  960;  557; 1030; 5247; 1909;    0
   16;    1;    9;64261;   24;64333;    7;    1; 1515; 1126;  967; 1050;  549; 1553; 5964; 1736;    0
   16;    2;    9;64264;   24;64333;    7;    1; 2468; 1832; 1623; 1729;  916; 2524; 5877; 1805;    0
   16;    3;    9;64267;   24;64333;    7;    1; 3471; 2576; 2329; 2470; 1336; 3559; 5738; 1805;    0
   16;    4;    9;64270;   24;64333;    7;    1; 4295; 3157; 2891; 3057; 1634; 4435; 5818; 1840;    0
   16;    5;    9;64273;   24;64333;    7;    1; 4491; 3297; 3088; 3282; 1703; 4664; 6013; 1805;    0
   16;    6;    9;64276;   24;64333;    7;    1; 3955; 2921; 2782; 2950; 1508; 4096; 6110; 1840;    0
   16;    7;    9;64279;   24;64333;    7;    1; 2999; 2220; 2143; 2266; 1141; 3101; 6205; 1840;    0
   16;    8;    9;64282;   24;64333;    7;    1; 1940; 1445; 1397; 1477;  700; 1965; 6575; 1840;    0
   16;    9;    9;64285;   24;64333;    7;    1; 1010;  754;  762;  812;  389; 1012; 6511; 1805;    0
   14;    1;    6;  123;   15;  190;    4;    1; 1419; 1072;  882;  969;  477; 1426; 6346; 1701;    0
   14;    2;    6;  126;   15;  190;    4;    1; 1946; 1476; 1227; 1340;  647; 1968; 6464; 1736;    0
   14;    3;    6;  129;   15;  190;    4;    1; 2290; 1713; 1466; 1584;  780; 2330; 6344; 1770;    0
   14;    4;    6;  132;   15;  190;    4;    1; 2224; 1655; 1457; 1575;  775; 2247; 6349; 1770;    0
   14;    5;    6;  135;   15;  190;    4;    1; 1796; 1353; 1213; 1298;  651; 1822; 6230; 1805;    0
   14;    6;    6;  138;   15;  190;    4;    1; 1218;  928;  844;  905;  445; 1206; 6353; 1805;    0
   15;    1;    9;  117;   24;  189;    7;    1; 1762; 1312; 1112; 1226;  577; 1781; 6617; 1701;    0
   15;    2;    9;  120;   24;  189;    7;    1; 2750; 2067; 1790; 2006;  951; 2789; 6574; 1631;    0
   15;    3;    9;  123;   24;  189;    7;    1; 3717; 2788; 2479; 2766; 1353; 3766; 6385; 1631;    0
   15;    4;    9;  126;   24;  189;    7;    1; 4327; 3222; 2914; 3260; 1580; 4402; 6441; 1631;    0
   15;    5;    9;  129;   24;  189;    7;    1; 4268; 3173; 2934; 3286; 1566; 4341; 6542; 1631;    0
   15;    6;    9;  132;   24;  189;    7;    1; 3589; 2679; 2515; 2812; 1357; 3603; 6467; 1631;    0
   15;    7;    9;  135;   24;  189;    7;    1; 2539; 1882; 1817; 2018;  993; 2534; 6349; 1666;    0
   15;    8;    9;  138;   24;  189;    7;    1; 1464; 1092; 1034; 1153;  529; 1435; 6764; 1666;    0
   15;    9;    9;  141;   24;  189;    7;    1;  668;  523;  487;  543;  260;  620; 6514; 1666;    0
   16;    1;   12; 1518;   33; 1594;    7;    1; 1563; 1235; 1152; 1224;  739; 1640; 4953; 1770;    0
   16;    2;   12; 1521;   33; 1594;    7;    1; 2691; 2133; 2031; 2150; 1310; 2822; 4883; 1770;    0
   16;    3;   12; 1524;   33; 1594;    7;    1; 4001; 3165; 3055; 3225; 1980; 4215; 4825; 1770;    0
   16;    4;   12; 1527;   33; 1594;    7;    1; 5071; 3995; 3914; 4156; 2525; 5360; 4905; 1770;    0
   16;    5;   12; 1530;   33; 1594;    7;    1; 5435; 4279; 4215; 4483; 2633; 5731; 5158; 1770;    0
   16;    6;   12; 1533;   33; 1594;    7;    1; 4756; 3784; 3786; 4043; 2317; 4994; 5336; 1770;    0
   16;    7;   12; 1536;   33; 1594;    7;    1; 3420; 2736; 2758; 2942; 1643; 3541; 5519; 1770;    0
   16;    8;   12; 1539;   33; 1594;    7;    1; 1917; 1564; 1594; 1703;  899; 1974; 5901; 1770;    0
   16;    9;   12; 1542;   33; 1594;    7;    1;  687;  602;  649;  696;  358;  646; 6070; 1770;    4
   16;   10;   12; 1545;   33; 1594;    7;    1;    1;    1;    1;    1;    1;    1;    0;    0;    4
   16;   11;   12; 1548;   33; 1594;    7;    1;    1;    1;    1;    1;    1;    1;    0;    0;    4
   16;   12;   12; 1551;   33; 1594;    7;    1;    1;    1;    1;    1;    1;    1;    0;    0;    4
   16;    1;    9; 3591;   24; 3663;    7;    1; 1173;  870;  681;  865;  294; 1209; 8251; 1388;    0
   16;    2;    9; 3594;   24; 3663;    7;    1; 1853; 1364; 1099; 1415;  479; 1938; 8268; 1354;    0
   16;    3;    9; 3597;   24; 3663;    7;    1; 2548; 1869; 1542; 1973;  657; 2689; 8337; 1388;    0
   16;    4;    9; 3600;   24; 3663;    7;    1; 3100; 2255; 1897; 2406;  808; 3285; 8302; 1388;    0
   16;    5;    9; 3603;   24; 3663;    7;    1; 3226; 2353; 2020; 2543;  856; 3431; 8292; 1423;    0
   16;    6;    9; 3606;   24; 3663;    7;    1; 2845; 2082; 1832; 2293;  773; 3028; 8286; 1423;    0
   16;    7;    9; 3609;   24; 3663;    7;    1; 2123; 1570; 1404; 1741;  596; 2249; 8220; 1458;    0
   16;    8;    9; 3612;   24; 3663;    7;    1; 1364; 1018;  917; 1122;  389; 1401; 8166; 1493;    0
   16;    9;    9; 3615;   24; 3663;    7;    1;  715;  544;  501;  607;  220;  710; 7969; 1493;    0
   17;    1;    9; 3591;   24; 3663;    7;    1; 1281;  961;  739;  954;  328; 1313; 8202; 1354;    0
   17;    2;    9; 3594;   24; 3663;    7;    1; 2086; 1568; 1227; 1566;  568; 2147; 7966; 1354;    0
   17;    3;    9; 3597;   24; 3663;    7;    1; 2972; 2249; 1779; 2234;  870; 3036; 7632; 1354;    0
   17;    4;    9; 3600;   24; 3663;    7;    1; 3666; 2779; 2234; 2755; 1087; 3744; 7568; 1423;    0
   17;    5;    9; 3603;   24; 3663;    7;    1; 3912; 2959; 2435; 2990; 1203; 3996; 7470; 1423;    0
   17;    6;    9; 3606;   24; 3663;    7;    1; 3559; 2709; 2289; 2770; 1136; 3618; 7373; 1458;    0
   17;    7;    9; 3609;   24; 3663;    7;    1; 2726; 2083; 1805; 2170;  883; 2748; 7413; 1458;    0
   17;    8;    9; 3612;   24; 3663;    7;    1; 1760; 1344; 1174; 1405;  519; 1755; 7882; 1527;    0
   17;    9;    9; 3615;   24; 3663;    7;    1;  943;  713;  655;  800;  293;  936; 7921; 1458;    0
   15;    1;    8; 5211;   21; 5281;    6;    1; 1719; 1309; 1075; 1232;  577; 1750; 6645; 1562;    0
   15;    2;    8; 5214;   21; 5281;    6;    1; 2573; 1959; 1675; 1915;  927; 2636; 6449; 1562;    0
   15;    3;    8; 5217;   21; 5281;    6;    1; 3233; 2464; 2200; 2513; 1230; 3339; 6381; 1562;    0
   15;    4;    8; 5220;   21; 5281;    6;    1; 3424; 2620; 2433; 2770; 1334; 3552; 6480; 1562;    0
   15;    5;    8; 5223;   21; 5281;    6;    1; 3117; 2397; 2321; 2617; 1287; 3247; 6352; 1597;    0
   15;    6;    8; 5226;   21; 5281;    6;    1; 2379; 1836; 1853; 2091; 1036; 2478; 6306; 1597;    0
   15;    7;    8; 5229;   21; 5281;    6;    1; 1501; 1171; 1208; 1338;  648; 1537; 6446; 1666;    0
   15;    8;    8; 5232;   21; 5281;    6;    1;  833;  656;  673;  744;  383;  844; 6065; 1666;    0
   16;    1;    9; 5211;   24; 5283;    7;    1; 1431; 1063;  828;  990;  397; 1438; 7487; 1493;    0
   16;    2;    9; 5214;   24; 5283;    7;    1; 2415; 1822; 1481; 1733;  748; 2442; 7104; 1527;    0
   16;    3;    9; 5217;   24; 5283;    7;    1; 3493; 2640; 2290; 2664; 1245; 3569; 6658; 1527;    0
   16;    4;    9; 5220;   24; 5283;    7;    1; 4288; 3257; 2960; 3415; 1638; 4444; 6504; 1527;    0
   16;    5;    9; 5223;   24; 5283;    7;    1; 4553; 3473; 3312; 3754; 1854; 4769; 6326; 1597;    0
   16;    6;    9; 5226;   24; 5283;    7;    1; 4193; 3202; 3229; 3592; 1846; 4453; 6076; 1631;    0
   16;    7;    9; 5229;   24; 5283;    7;    1; 3208; 2466; 2627; 2891; 1491; 3422; 6053; 1666;    0
   16;    8;    9; 5232;   24; 5283;    7;    1; 2076; 1621; 1751; 1902;  968; 2203; 6138; 1736;    0
   16;    9;    9; 5235;   24; 5283;    7;    1; 1130;  889;  985; 1058;  557; 1182; 5919; 1770;    0
   15;    1;    5; 7074;   12; 7140;    3;    1; 1475; 1165;  946;  979;  591; 1481; 4954; 1875;    0
   15;    2;    5; 7077;   12; 7140;    3;    1; 1818; 1432; 1216; 1267;  766; 1852; 4942; 1840;    0
   15;    3;    5; 7080;   12; 7140;    3;    1; 1852; 1481; 1295; 1348;  804; 1888; 5044; 1875;    0
   15;    4;    5; 7083;   12; 7140;    3;    1; 1598; 1288; 1139; 1213;  700; 1618; 5286; 1770;    0
   15;    5;    5; 7086;   12; 7140;    3;    1; 1125;  914;  843;  926;  511; 1135; 5602; 1666;    0
   16;    1;   10; 7068;   27; 7141;    8;    1; 1557; 1176;  958;  966;  540; 1580; 5512; 2013;    0
   16;    2;   10; 7071;   27; 7141;    8;    1; 2668; 2013; 1667; 1703;  946; 2712; 5556; 1979;    0
   16;    3;   10; 7074;   27; 7141;    8;    1; 3889; 2954; 2512; 2614; 1461; 3990; 5513; 1875;    0
   16;    4;   10; 7077;   27; 7141;    8;    1; 4924; 3741; 3283; 3467; 1915; 5094; 5595; 1805;    0
   16;    5;   10; 7080;   27; 7141;    8;    1; 5345; 4096; 3694; 3963; 2114; 5539; 5832; 1770;    0
   16;    6;   10; 7083;   27; 7141;    8;    1; 5085; 3923; 3605; 3919; 2058; 5282; 5935; 1701;    0
   16;    7;   10; 7086;   27; 7141;    8;    1; 4111; 3212; 3046; 3376; 1703; 4279; 6194; 1666;    0
   16;    8;   10; 7089;   27; 7141;    8;    1; 2814; 2224; 2148; 2396; 1189; 2909; 6296; 1631;    0
   16;    9;   10; 7092;   27; 7141;    8;    1; 1597; 1289; 1265; 1412;  678; 1644; 6497; 1631;    0
   16;   10;   10; 7095;   27; 7141;    8;    1;  699;  585;  607;  658;  332;  700; 6193; 1736;    0
   16;    1;   11; 8697;   30; 8772;    9;    1; 1413; 1122;  883;  935;  544; 1420; 5227; 1805;    0
   16;    2;   11; 8700;   30; 8772;    9;    1; 2390; 1853; 1521; 1607;  920; 2387; 5343; 1805;    0
   16;    3;   11; 8703;   30; 8772;    9;    1; 3519; 2706; 2274; 2387; 1379; 3509; 5278; 1840;    0
   16;    4;   11; 8706;   30; 8772;    9;    1; 4678; 3585; 3100; 3251; 1911; 4742; 5152; 1840;    0
   16;    5;   11; 8709;   30; 8772;    9;    1; 5524; 4223; 3828; 4003; 2408; 5658; 4980; 1840;    0
   16;    6;   11; 8712;   30; 8772;    9;    1; 5862; 4491; 4217; 4387; 2641; 6052; 4974; 1875;    0
   16;    7;   11; 8715;   30; 8772;    9;    1; 5722; 4370; 4222; 4384; 2602; 5965; 5080; 1875;    0
   16;    8;   11; 8718;   30; 8772;    9;    1; 4878; 3751; 3754; 3914; 2269; 5131; 5253; 1875;    0
   16;    9;   11; 8721;   30; 8772;    9;    1; 3516; 2726; 2788; 2915; 1643; 3683; 5454; 1875;    0
   16;   10;   11; 8724;   30; 8772;    9;    1; 2075; 1637; 1701; 1768;  942; 2176; 5839; 1909;    0
   16;   11;   11; 8727;   30; 8772;    9;    1;  866;  724;  783;  818;  415;  888; 6158; 1875;    0
   16;    1;    9;14721;   24;14793;    7;    1; 1696; 1272; 1032; 1264;  462; 1763; 7931; 1458;    0
   16;    2;    9;14724;   24;14793;    7;    1; 2645; 1986; 1636; 1993;  730; 2776; 7921; 1493;    0
   16;    3;    9;14727;   24;14793;    7;    1; 3586; 2691; 2264; 2781; 1046; 3834; 7798; 1458;    0
   16;    4;    9;14730;   24;14793;    7;    1; 4178; 3130; 2677; 3337; 1214; 4467; 7952; 1423;    0
   16;    5;    9;14733;   24;14793;    7;    1; 4279; 3206; 2781; 3514; 1240; 4595; 8089; 1388;    0
   16;    6;    9;14736;   24;14793;    7;    1; 3815; 2867; 2546; 3231; 1137; 4114; 8101; 1388;    0
   16;    7;    9;14739;   24;14793;    7;    1; 2857; 2177; 1976; 2513;  851; 3074; 8267; 1388;    0
   16;    8;    9;14742;   24;14793;    7;    1; 1846; 1426; 1295; 1654;  531; 1951; 8487; 1388;    0
   16;    9;    9;14745;   24;14793;    7;    1;  983;  768;  738;  921;  319; 1026; 8170; 1423;    0
   17;    1;    9;14721;   24;14793;    7;    1; 1948; 1476; 1155; 1330;  563; 1951; 7208; 1597;    0
   17;    2;    9;14724;   24;14793;    7;    1; 3093; 2341; 1854; 2174;  941; 3129; 7089; 1527;    0
   17;    3;    9;14727;   24;14793;    7;    1; 4177; 3157; 2572; 3041; 1327; 4257; 7045; 1493;    0
   17;    4;    9;14730;   24;14793;    7;    1; 4867; 3683; 3040; 3632; 1518; 4969; 7275; 1493;    0
   17;    5;    9;14733;   24;14793;    7;    1; 5005; 3794; 3179; 3844; 1576; 5137; 7375; 1458;    0
   17;    6;    9;14736;   24;14793;    7;    1; 4446; 3359; 2887; 3525; 1425; 4583; 7446; 1423;    0
   17;    7;    9;14739;   24;14793;    7;    1; 3302; 2505; 2214; 2694; 1007; 3362; 7827; 1458;    0
   17;    8;    9;14742;   24;14793;    7;    1; 2144; 1620; 1440; 1773;  652; 2175; 7903; 1458;    0
   17;    9;    9;14745;   24;14793;    7;    1; 1113;  860;  792;  957;  359; 1099; 7810; 1493;    0
   15;    1;    7;16200;   18;16269;    5;    1; 1527; 1145;  899; 1069;  430; 1603; 7471; 1527;    0
   15;    2;    7;16203;   18;16269;    5;    1; 2100; 1552; 1286; 1525;  615; 2198; 7459; 1527;    0
   15;    3;    7;16206;   18;16269;    5;    1; 2431; 1787; 1526; 1812;  709; 2565; 7608; 1527;    0
   15;    4;    7;16209;   18;16269;    5;    1; 2376; 1752; 1535; 1826;  709; 2529; 7646; 1527;    0
   15;    5;    7;16212;   18;16269;    5;    1; 1980; 1452; 1297; 1536;  605; 2097; 7576; 1527;    0
   15;    6;    7;16215;   18;16269;    5;    1; 1385; 1024;  898; 1071;  397; 1435; 7866; 1527;    0
   15;    7;    7;16218;   18;16269;    5;    1;  858;  654;  545;  660;  255;  875; 7670; 1458;    0
   16;    1;    8;16200;   21;16270;    6;    1; 1568; 1172;  940; 1055;  441; 1649; 7274; 1666;    0
   16;    2;    8;16203;   21;16270;    6;    1; 2341; 1732; 1461; 1652;  713; 2492; 7105; 1631;    0
   16;    3;    8;16206;   21;16270;    6;    1; 3003; 2197; 1903; 2146;  912; 3225; 7187; 1666;    0
   16;    4;    8;16209;   21;16270;    6;    1; 3313; 2426; 2144; 2425; 1011; 3569; 7288; 1666;    0
   16;    5;    8;16212;   21;16270;    6;    1; 3198; 2337; 2096; 2372;  972; 3463; 7377; 1666;    0
   16;    6;    8;16215;   21;16270;    6;    1; 2601; 1912; 1745; 1983;  773; 2822; 7627; 1666;    0
   16;    7;    8;16218;   21;16270;    6;    1; 1813; 1354; 1212; 1376;  514; 1938; 7830; 1666;    0
   16;    8;    8;16221;   21;16270;    6;    1; 1087;  825;  743;  849;  319; 1150; 7803; 1666;    0
   16;    1;    7;17571;   18;17640;    5;    1; 1413; 1081;  843; 1016;  423; 1493; 7295; 1458;    0
   16;    2;    7;17574;   18;17640;    5;    1; 2063; 1580; 1262; 1530;  631; 2185; 7344; 1458;    0
   16;    3;    7;17577;   18;17640;    5;    1; 2603; 1976; 1620; 1993;  795; 2781; 7513; 1423;    0
   16;    4;    7;17580;   18;17640;    5;    1; 2759; 2098; 1751; 2190;  847; 2955; 7665; 1388;    0
   16;    5;    7;17583;   18;17640;    5;    1; 2458; 1890; 1600; 2022;  773; 2634; 7721; 1354;    0
   16;    6;    7;17586;   18;17640;    5;    1; 1837; 1426; 1230; 1560;  575; 1942; 7892; 1354;    0
   16;    7;    7;17589;   18;17640;    5;    1; 1146;  899;  791; 1011;  367; 1209; 7962; 1354;    0
   17;    1;    7;17571;   18;17640;    5;    1; 1491; 1140;  862; 1100;  457; 1555; 7306; 1284;    0
   17;    2;    7;17574;   18;17640;    5;    1; 2088; 1592; 1240; 1593;  639; 2175; 7485; 1284;    0
   17;    3;    7;17577;   18;17640;    5;    1; 2519; 1908; 1515; 1959;  763; 2636; 7631; 1284;    0
   17;    4;    7;17580;   18;17640;    5;    1; 2523; 1926; 1564; 2040;  781; 2636; 7714; 1284;    0
   17;    5;    7;17583;   18;17640;    5;    1; 2081; 1594; 1325; 1745;  666; 2161; 7729; 1250;    0
   17;    6;    7;17586;   18;17640;    5;    1; 1430; 1112;  932; 1219;  444; 1467; 7947; 1284;    0
   17;    7;    7;17589;   18;17640;    5;    1;  829;  654;  549;  724;  261;  819; 7993; 1284;    0
   15;    1;    4;19035;    9;19099;    2;    1; 1247;  998;  705;  691;  397; 1191; 5460; 2187;    0
   15;    2;    4;19038;    9;19099;    2;    1; 1200;  958;  700;  691;  392; 1129; 5500; 2152;    0
   15;    3;    4;19041;    9;19099;    2;    1;  926;  762;  575;  573;  326;  890; 5413; 2118;    0
   15;    4;    4;19044;    9;19099;    2;    1;  563;  472;  380;  386;  231;  524; 5019; 1979;    0
   16;    1;   12;19026;   33;19102;    7;    1; 1941; 1420; 1038; 1012;  514; 1864; 6310; 2187;    0
   16;    2;   12;19029;   33;19102;    7;    1; 3176; 2349; 1769; 1678;  920; 3060; 5999; 2326;    0
   16;    3;   12;19032;   33;19102;    7;    1; 4430; 3276; 2606; 2488; 1470; 4311; 5448; 2326;    0
   16;    4;   12;19035;   33;19102;    7;    1; 5274; 3891; 3224; 3056; 1807; 5186; 5493; 2361;    0
   16;    5;   12;19038;   33;19102;    7;    1; 5280; 3899; 3385; 3202; 1928; 5264; 5380; 2361;    0
   16;    6;   12;19041;   33;19102;    7;    1; 4405; 3273; 3001; 2834; 1720; 4393; 5335; 2361;    0
   16;    7;   12;19044;   33;19102;    7;    1; 3042; 2264; 2203; 2078; 1227; 3069; 5537; 2361;    0
   16;    8;   12;19047;   33;19102;    7;    1; 1728; 1291; 1291; 1214;  687; 1731; 5848; 2361;    0
   16;    9;   12;19050;   33;19102;    7;    1;  705;  544;  579;  560;  311;  668; 5785; 2256;    4
   16;   10;   12;19053;   33;19102;    7;    1;    1;    1;    1;    1;    1;    1;    0;    0;    4
   16;   11;   12;19056;   33;19102;    7;    1;    1;    1;    1;    1;    1;    1;    0;    0;    4
   16;   12;   12;19059;   33;19102;    7;    1;    1;    1;    1;    1;    1;    1;    0;    0;    4
   16;    1;    9;20505;   24;20577;    7;    1; 1513; 1149;  917; 1006;  479; 1548; 6548; 1701;    0
   16;    2;    9;20508;   24;20577;    7;    1; 2587; 1969; 1648; 1789;  864; 2652; 6463; 1736;    0
   16;    3;    9;20511;   24;20577;    7;    1; 3783; 2870; 2510; 2756; 1379; 3921; 6245; 1701;    0
   16;    4;    9;20514;   24;20577;    7;    1; 4737; 3579; 3226; 3580; 1759; 4961; 6358; 1666;    0
   16;    5;    9;20517;   24;20577;    7;    1; 5008; 3798; 3537; 3974; 1889; 5282; 6558; 1631;    0
   16;    6;    9;20520;   24;20577;    7;    1; 4488; 3423; 3299; 3746; 1755; 4751; 6643; 1597;    0
   16;    7;    9;20523;   24;20577;    7;    1; 3355; 2584; 2554; 2937; 1340; 3546; 6796; 1562;    0
   16;    8;    9;20526;   24;20577;    7;    1; 2088; 1627; 1625; 1889;  795; 2194; 7239; 1562;    0
   16;    9;    9;20529;   24;20577;    7;    1; 1037;  823;  840;  997;  415; 1067; 7296; 1493;    0
   15;    1;    8;21933;   21;22003;    6;    1; 1488; 1165; 1096; 1166;  676; 1511; 5253; 1770;    0
   15;    2;    8;21936;   21;22003;    6;    1; 2334; 1834; 1777; 1904; 1140; 2407; 5015; 1736;    0
   15;    3;    8;21939;   21;22003;    6;    1; 3184; 2493; 2478; 2643; 1585; 3298; 5003; 1736;    0
   15;    4;    8;21942;   21;22003;    6;    1; 3696; 2888; 2923; 3143; 1854; 3822; 5126; 1701;    0
   15;    5;    8;21945;   21;22003;    6;    1; 3590; 2827; 2928; 3150; 1835; 3725; 5218; 1701;    0
   15;    6;    8;21948;   21;22003;    6;    1; 2922; 2309; 2444; 2639; 1499; 2998; 5399; 1701;    0
   15;    7;    8;21951;   21;22003;    6;    1; 1974; 1572; 1676; 1799;  993; 2015; 5600; 1736;    0
   15;    8;    8;21954;   21;22003;    6;    1; 1067;  868;  923; 1010;  525; 1074; 6002; 1701;    0
   16;    1;    6;21936;   15;22003;    4;    1; 1365; 1083; 1045; 1160;  670; 1470; 5280; 1562;    0
   16;    2;    6;21939;   15;22003;    4;    1; 1769; 1397; 1379; 1525;  877; 1905; 5311; 1597;    0
   16;    3;    6;21942;   15;22003;    4;    1; 1946; 1535; 1558; 1720;  977; 2121; 5399; 1597;    0
   16;    4;    6;21945;   15;22003;    4;    1; 1788; 1416; 1477; 1620;  912; 1947; 5462; 1631;    0
   16;    5;    6;21948;   15;22003;    4;    1; 1362; 1088; 1165; 1260;  696; 1466; 5595; 1701;    0
   16;    6;    6;21951;   15;22003;    4;    1;  879;  702;  768;  827;  449;  930; 5713; 1736;    0
   16;    1;    8;24900;   21;24970;    6;    1; 1989; 1562; 1207; 1297;  683; 2043; 5917; 1770;    0
   16;    2;    8;24903;   21;24970;    6;    1; 3287; 2564; 2069; 2206; 1193; 3408; 5740; 1770;    0
   16;    3;    8;24906;   21;24970;    6;    1; 4464; 3444; 2884; 3067; 1656; 4641; 5750; 1805;    0
   16;    4;    8;24909;   21;24970;    6;    1; 4905; 3766; 3310; 3553; 1876; 5168; 5899; 1770;    0
   16;    5;    8;24912;   21;24970;    6;    1; 4333; 3337; 3083; 3325; 1729; 4622; 6000; 1736;    0
   16;    6;    8;24915;   21;24970;    6;    1; 3073; 2390; 2319; 2494; 1249; 3275; 6239; 1770;    0
   16;    7;    8;24918;   21;24970;    6;    1; 1778; 1403; 1409; 1527;  752; 1887; 6344; 1736;    0
   16;    8;    8;24921;   21;24970;    6;    1;  757;  624;  664;  726;  358;  788; 6336; 1701;    0
   15;    1;    6;25974;   15;26041;    4;    1; 1400; 1018;  825;  984;  369; 1471; 7812; 1527;    0
   15;    2;    6;25977;   15;26041;    4;    1; 1671; 1198; 1000; 1186;  449; 1781; 7767; 1527;    0
   15;    3;    6;25980;   15;26041;    4;    1; 1757; 1249; 1076; 1260;  473; 1857; 7807; 1562;    0
   15;    4;    6;25983;   15;26041;    4;    1; 1645; 1159; 1020; 1190;  449; 1745; 7783; 1597;    0
   15;    5;    6;25986;   15;26041;    4;    1; 1346;  969;  857;  990;  378; 1404; 7727; 1597;    0
   15;    6;    6;25989;   15;26041;    4;    1;  962;  717;  623;  723;  279;  992; 7676; 1597;    0
   16;    1;    8;25971;   21;26041;    6;    1; 1288;  965;  720;  949;  311; 1347; 8403; 1319;    0
   16;    2;    8;25974;   21;26041;    6;    1; 1836; 1360; 1071; 1390;  445; 1938; 8498; 1354;    0
   16;    3;    8;25977;   21;26041;    6;    1; 2347; 1713; 1359; 1771;  531; 2464; 8752; 1388;    0
   16;    4;    8;25980;   21;26041;    6;    1; 2672; 1932; 1549; 2041;  596; 2836; 8849; 1354;    0
   16;    5;    8;25983;   21;26041;    6;    1; 2686; 1933; 1581; 2070;  601; 2858; 8870; 1388;    0
   16;    6;    8;25986;   21;26041;    6;    1; 2330; 1678; 1401; 1861;  527; 2492; 8960; 1354;    0
   16;    7;    8;25989;   21;26041;    6;    1; 1736; 1250; 1063; 1382;  380; 1823; 9062; 1388;    0
   16;    8;    8;25992;   21;26041;    6;    1; 1144;  844;  716;  924;  263; 1200; 8942; 1423;    0
   16;    1;   12;26922;   33;26998;    7;    1; 1634; 1262; 1050; 1077;  652; 1626; 4932; 1944;    0
   16;    2;   12;26925;   33;26998;    7;    1; 2756; 2113; 1855; 1907; 1189; 2785; 4706; 1909;    0
   16;    3;   12;26928;   33;26998;    7;    1; 3886; 2966; 2703; 2759; 1742; 3921; 4607; 1944;    0
   16;    4;   12;26931;   33;26998;    7;    1; 4730; 3594; 3341; 3417; 2135; 4829; 4689; 1944;    0
   16;    5;   12;26934;   33;26998;    7;    1; 4715; 3594; 3475; 3576; 2196; 4847; 4823; 1909;    0
   16;    6;   12;26937;   33;26998;    7;    1; 3856; 2976; 2962; 3025; 1841; 3940; 4892; 1944;    0
   16;    7;   12;26940;   33;26998;    7;    1; 2649; 2051; 2090; 2132; 1258; 2698; 5124; 1979;    0
   16;    8;   12;26943;   33;26998;    7;    1; 1443; 1135; 1186; 1203;  674; 1461; 5496; 2013;    0
   16;    9;   12;26946;   33;26998;    7;    1;  518;  452;  491;  501;  276;  485; 5613; 1979;    4
   16;   10;   12;26949;   33;26998;    7;    1;    1;    1;    1;    1;    1;    1;    0;    0;    4
   16;   11;   12;26952;   33;26998;    7;    1;    1;    1;    1;    1;    1;    1;    0;    0;    4
   16;   12;   12;26955;   33;26998;    7;    1;    1;    1;    1;    1;    1;    1;    0;    0;    4
   16;    1;   10;28194;   27;28267;    8;    1; 1165;  858;  629;  714;  306; 1182; 7142; 1631;    0
   16;    2;   10;28197;   27;28267;    8;    1; 2062; 1512; 1157; 1305;  557; 2107; 7164; 1666;    0
   16;    3;   10;28200;   27;28267;    8;    1; 3190; 2366; 1851; 2059;  929; 3262; 6860; 1666;    0
   16;    4;   10;28203;   27;28267;    8;    1; 4270; 3171; 2596; 2890; 1353; 4430; 6647; 1666;    0
   16;    5;   10;28206;   27;28267;    8;    1; 4870; 3610; 3055; 3410; 1565; 5099; 6763; 1666;    0
   16;    6;   10;28209;   27;28267;    8;    1; 4838; 3588; 3108; 3500; 1591; 5099; 6817; 1631;    0
   16;    7;   10;28212;   27;28267;    8;    1; 4171; 3089; 2750; 3160; 1418; 4425; 6890; 1562;    0
   16;    8;   10;28215;   27;28267;    8;    1; 3010; 2232; 2047; 2385; 1016; 3193; 7175; 1562;    0
   16;    9;   10;28218;   27;28267;    8;    1; 1862; 1367; 1267; 1499;  592; 1960; 7563; 1527;    0
   16;   10;   10;28221;   27;28267;    8;    1;  909;  692;  656;  802;  311;  962; 7652; 1458;    0
   16;    1;    9;32106;   24;32178;    7;    1; 1477; 1131;  885; 1005;  479; 1461; 6542; 1597;    0
   16;    2;    9;32109;   24;32178;    7;    1; 2330; 1797; 1450; 1613;  782; 2313; 6439; 1666;    0
   16;    3;    9;32112;   24;32178;    7;    1; 3220; 2466; 2063; 2278; 1154; 3234; 6167; 1666;    0
   16;    4;    9;32115;   24;32178;    7;    1; 3861; 2943; 2536; 2783; 1405; 3885; 6189; 1701;    0
   16;    5;    9;32118;   24;32178;    7;    1; 3960; 3026; 2693; 2948; 1478; 4008; 6233; 1701;    0
   16;    6;    9;32121;   24;32178;    7;    1; 3510; 2702; 2484; 2724; 1370; 3573; 6213; 1701;    0
   16;    7;    9;32124;   24;32178;    7;    1; 2661; 2068; 1960; 2142; 1059; 2712; 6320; 1701;    0
   16;    8;    9;32127;   24;32178;    7;    1; 1696; 1338; 1291; 1398;  670; 1718; 6509; 1770;    0
   16;    9;    9;32130;   24;32178;    7;    1;  890;  715;  718;  789;  384;  893; 6416; 1701;    0
   17;    1;    8;32109;   21;32179;    6;    1; 1744; 1334; 1149; 1271;  643; 1769; 6176; 1666;    0
   17;    2;    8;32112;   21;32179;    6;    1; 2479; 1900; 1687; 1848;  981; 2529; 5864; 1666;    0
   17;    3;    8;32115;   21;32179;    6;    1; 3048; 2324; 2124; 2317; 1247; 3106; 5772; 1701;    0
   17;    4;    8;32118;   21;32179;    6;    1; 3235; 2472; 2329; 2525; 1371; 3302; 5712; 1701;    0
   17;    5;    8;32121;   21;32179;    6;    1; 2962; 2281; 2220; 2398; 1314; 3027; 5650; 1736;    0
   17;    6;    8;32124;   21;32179;    6;    1; 2319; 1790; 1792; 1941; 1070; 2361; 5609; 1701;    0
   17;    7;    8;32127;   21;32179;    6;    1; 1530; 1178; 1215; 1312;  692; 1527; 5907; 1736;    0
   17;    8;    8;32130;   21;32179;    6;    1;  838;  651;  687;  765;  404;  829; 5898; 1631;    0
   15;    1;    5;32775;   12;32841;    3;    1; 1285; 1022;  807;  928;  477; 1277; 6074; 1493;    0
   15;    2;    5;32778;   12;32841;    3;    1; 1645; 1298; 1096; 1252;  648; 1664; 6030; 1527;    0
   15;    3;    5;32781;   12;32841;    3;    1; 1722; 1374; 1192; 1360;  690; 1720; 6158; 1527;    0
   15;    4;    5;32784;   12;32841;    3;    1; 1471; 1186; 1083; 1220;  638; 1501; 5963; 1562;    0
   15;    5;    5;32787;   12;32841;    3;    1;  946;  774;  744;  850;  454;  941; 5823; 1493;    0
   16;    1;    5;32775;   12;32841;    3;    1; 1199;  954;  781;  938;  462; 1264; 6343; 1388;    0
   16;    2;    5;32778;   12;32841;    3;    1; 1580; 1229; 1074; 1282;  622; 1653; 6435; 1423;    0
   16;    3;    5;32781;   12;32841;    3;    1; 1668; 1307; 1173; 1390;  670; 1731; 6474; 1423;    0
   16;    4;    5;32784;   12;32841;    3;    1; 1479; 1166; 1095; 1290;  626; 1562; 6434; 1458;    0
   16;    5;    5;32787;   12;32841;    3;    1; 1012;  809;  812;  936;  471; 1062; 6209; 1527;    0
   16;    1;    9;34332;   24;34404;    7;    1; 1839; 1365; 1225; 1274;  683; 1901; 5798; 1909;    0
   16;    2;    9;34335;   24;34404;    7;    1; 2887; 2126; 1963; 2024; 1145; 2982; 5428; 1909;    0
   16;    3;    9;34338;   24;34404;    7;    1; 3888; 2854; 2705; 2768; 1560; 4045; 5455; 1944;    0
   16;    4;    9;34341;   24;34404;    7;    1; 4503; 3296; 3182; 3236; 1798; 4700; 5554; 1979;    0
   16;    5;    9;34344;   24;34404;    7;    1; 4558; 3335; 3257; 3302; 1807; 4760; 5659; 2013;    0
   16;    6;    9;34347;   24;34404;    7;    1; 4011; 2927; 2911; 2965; 1617; 4224; 5682; 1979;    0
   16;    7;    9;34350;   24;34404;    7;    1; 2961; 2178; 2196; 2243; 1150; 3083; 6091; 1979;    0
   16;    8;    9;34353;   24;34404;    7;    1; 1896; 1401; 1406; 1457;  713; 1965; 6382; 1909;    0
   16;    9;    9;34356;   24;34404;    7;    1;  995;  762;  777;  819;  397; 1021; 6440; 1875;    0
   17;    1;    6;34335;   15;34402;    4;    1; 1141;  832;  784;  837;  466; 1215; 5540; 1770;    0
   17;    2;    6;34338;   15;34402;    4;    1; 1564; 1125; 1089; 1156;  639; 1662; 5590; 1805;    0
   17;    3;    6;34341;   15;34402;    4;    1; 1830; 1314; 1314; 1382;  754; 1974; 5680; 1840;    0
   17;    4;    6;34344;   15;34402;    4;    1; 1859; 1323; 1347; 1429;  781; 1993; 5668; 1805;    0
   17;    5;    6;34347;   15;34402;    4;    1; 1593; 1137; 1182; 1242;  666; 1700; 5797; 1840;    0
   17;    6;    6;34350;   15;34402;    4;    1; 1155;  843;  887;  925;  497; 1215; 5783; 1875;    0
   16;    1;    9;35991;   24;36063;    7;    1; 1488; 1116; 1037; 1071;  609; 1566; 5392; 1909;    0
   16;    2;    9;35994;   24;36063;    7;    1; 2517; 1901; 1832; 1864; 1093; 2680; 5170; 1979;    0
   16;    3;    9;35997;   24;36063;    7;    1; 3602; 2702; 2706; 2759; 1647; 3853; 5038; 1979;    0
   16;    4;    9;36000;   24;36063;    7;    1; 4462; 3321; 3401; 3462; 2058; 4792; 5069; 1979;    0
   16;    5;    9;36003;   24;36063;    7;    1; 4679; 3477; 3666; 3737; 2192; 5049; 5167; 1979;    0
   16;    6;    9;36006;   24;36063;    7;    1; 4165; 3099; 3340; 3384; 1980; 4508; 5186; 2013;    0
   16;    7;    9;36009;   24;36063;    7;    1; 3099; 2314; 2549; 2587; 1483; 3330; 5334; 1979;    0
   16;    8;    9;36012;   24;36063;    7;    1; 1970; 1463; 1617; 1648;  903; 2084; 5650; 1979;    0
   16;    9;    9;36015;   24;36063;    7;    1; 1013;  770;  862;  889;  479; 1067; 5764; 1944;    0
   17;    1;    4;38109;    9;38173;    2;    1; 1230;  966;  840; 1003;  492; 1280; 6368; 1388;    0
   17;    2;    4;38112;    9;38173;    2;    1; 1408; 1110; 1002; 1183;  586; 1490; 6308; 1423;    0
   17;    3;    4;38115;    9;38173;    2;    1; 1323; 1048;  985; 1147;  559; 1397; 6408; 1493;    0
   17;    4;    4;38118;    9;38173;    2;    1; 1035;  822;  789;  920;  461; 1080; 6236; 1458;    0
   16;    1;    8;38103;   21;38173;    6;    1; 2002; 1619; 1332; 1527;  769; 2034; 6204; 1527;    0
   16;    2;    8;38106;   21;38173;    6;    1; 3187; 2582; 2187; 2550; 1266; 3252; 6294; 1493;    0
   16;    3;    8;38109;   21;38173;    6;    1; 4323; 3505; 3024; 3571; 1742; 4435; 6402; 1458;    0
   16;    4;    8;38112;   21;38173;    6;    1; 4955; 4018; 3554; 4244; 2023; 5117; 6541; 1423;    0
   16;    5;    8;38115;   21;38173;    6;    1; 4745; 3854; 3495; 4203; 1967; 4920; 6650; 1423;    0
   16;    6;    8;38118;   21;38173;    6;    1; 3735; 3066; 2873; 3437; 1595; 3862; 6699; 1423;    0
   16;    7;    8;38121;   21;38173;    6;    1; 2452; 2029; 1934; 2314; 1054; 2524; 6806; 1423;    0
   16;    8;    8;38124;   21;38173;    6;    1; 1279; 1076; 1045; 1227;  553; 1269; 6866; 1493;    0
