   15;    1;    7;24489;   18;24558;    5;    1; 1733; 1313;  843; 1263;  373; 1812; 8808; 1076;    0
   15;    2;    7;24492;   18;24558;    5;    1; 2481; 1877; 1244; 1875;  539; 2595; 8906; 1076;    0
   15;    3;    7;24495;   18;24558;    5;    1; 2968; 2248; 1537; 2356;  648; 3166; 9061; 1076;    0
   15;    4;    7;24498;   18;24558;    5;    1; 3022; 2281; 1598; 2485;  662; 3201; 9170; 1041;    0
   15;    5;    7;24501;   18;24558;    5;    1; 2587; 1962; 1429; 2240;  610; 2753; 9095; 1041;    0
   15;    6;    7;24504;   18;24558;    5;    1; 1846; 1407; 1067; 1678;  430; 1918; 9296; 1041;    0
   15;    7;    7;24507;   18;24558;    5;    1; 1088;  850;  652; 1030;  269; 1129; 9235; 1041;    0
   16;    1;    8;24489;   21;24559;    6;    1; 1443; 1090;  722; 1054;  306; 1507; 8870; 1145;    0
   16;    2;    8;24492;   21;24559;    6;    1; 2312; 1756; 1191; 1748;  531; 2437; 8702; 1111;    0
   16;    3;    8;24495;   21;24559;    6;    1; 3187; 2392; 1681; 2456;  739; 3381; 8738; 1111;    0
   16;    4;    8;24498;   21;24559;    6;    1; 3730; 2788; 2036; 2967;  877; 3981; 8805; 1145;    0
   16;    5;    8;24501;   21;24559;    6;    1; 3715; 2784; 2099; 3033;  890; 3999; 8832; 1145;    0
   16;    6;    8;24504;   21;24559;    6;    1; 3095; 2324; 1819; 2611;  760; 3298; 8861; 1180;    0
   16;    7;    8;24507;   21;24559;    6;    1; 2141; 1623; 1303; 1842;  527; 2277; 8923; 1215;    0
   16;    8;    8;24510;   21;24559;    6;    1; 1231;  950;  783; 1103;  302; 1292; 9077; 1250;    0
   16;    1;    9;27366;   24;27438;    7;    1; 1695; 1268;  684; 1301;  224; 1809;10347;  868;    0
   16;    2;    9;27369;   24;27438;    7;    1; 2769; 2092; 1186; 2153;  402; 2950;10166;  902;    0
   16;    3;    9;27372;   24;27438;    7;    1; 4008; 3033; 1816; 3153;  709; 4228; 9689;  937;    0
   16;    4;    9;27375;   24;27438;    7;    1; 4859; 3686; 2329; 3966;  925; 5145; 9584;  937;    0
   16;    5;    9;27378;   24;27438;    7;    1; 5051; 3844; 2510; 4238;  994; 5351; 9568;  972;    0
   16;    6;    9;27381;   24;27438;    7;    1; 4575; 3501; 2360; 3963;  951; 4870; 9500;  972;    0
   16;    7;    9;27384;   24;27438;    7;    1; 3463; 2663; 1861; 3152;  748; 3683; 9533;  937;    0
   16;    8;    9;27387;   24;27438;    7;    1; 2201; 1709; 1188; 2070;  428; 2332; 9915;  937;    0
   16;    9;    9;27390;   24;27438;    7;    1; 1169;  923;  655; 1162;  255; 1241; 9756;  902;    0
   15;    1;    7;27369;   18;27438;    5;    1; 1456; 1059;  696; 1047;  250; 1537; 9515; 1145;    0
   15;    2;    7;27372;   18;27438;    5;    1; 2101; 1521; 1015; 1527;  369; 2239; 9479; 1145;    0
   15;    3;    7;27375;   18;27438;    5;    1; 2619; 1896; 1297; 1990;  482; 2809; 9472; 1111;    0
   15;    4;    7;27378;   18;27438;    5;    1; 2766; 2006; 1436; 2192;  529; 2982; 9483; 1111;    0
   15;    5;    7;27381;   18;27438;    5;    1; 2444; 1802; 1340; 2035;  496; 2631; 9453; 1111;    0
   15;    6;    7;27384;   18;27438;    5;    1; 1835; 1380; 1052; 1611;  411; 1959; 9310; 1111;    0
   15;    7;    7;27387;   18;27438;    5;    1; 1146;  887;  698; 1066;  269; 1206; 9345; 1111;    0
   15;    1;    6;28896;   15;28963;    4;    1; 1251;  969;  565;  917;  250; 1308; 9092;  972;    0
   15;    2;    6;28899;   15;28963;    4;    1; 1645; 1263;  760; 1225;  335; 1750; 9081;  972;    0
   15;    3;    6;28902;   15;28963;    4;    1; 1825; 1390;  868; 1426;  373; 1959; 9230;  972;    0
   15;    4;    6;28905;   15;28963;    4;    1; 1700; 1294;  843; 1371;  354; 1817; 9272;  972;    0
   15;    5;    6;28908;   15;28963;    4;    1; 1317; 1026;  695; 1105;  302; 1415; 9083; 1006;    0
   15;    6;    6;28911;   15;28963;    4;    1;  871;  689;  484;  751;  222;  906; 8804; 1006;    0
   16;    1;   14;28890;   39;28969;    9;    1; 1142;  864;  467;  720;  190; 1154; 9201; 1076;    0
   16;    2;   14;28893;   39;28969;    9;    1; 2063; 1561;  870; 1386;  332; 2112; 9505; 1041;    0
   16;    3;   14;28896;   39;28969;    9;    1; 3243; 2486; 1435; 2245;  566; 3321; 9348; 1076;    0
   16;    4;   14;28899;   39;28969;    9;    1; 4578; 3489; 2109; 3285;  938; 4714; 8930; 1006;    0
   16;    5;   14;28902;   39;28969;    9;    1; 5487; 4201; 2622; 4132; 1176; 5685; 8942; 1006;    0
   16;    6;   14;28905;   39;28969;    9;    1; 5749; 4426; 2800; 4476; 1249; 5974; 9011;  972;    0
   16;    7;   14;28908;   39;28969;    9;    1; 5324; 4112; 2652; 4293; 1180; 5575; 9064;  972;    0
   16;    8;   14;28911;   39;28969;    9;    1; 4146; 3224; 2133; 3502;  920; 4348; 9216;  972;    0
   16;    9;   14;28914;   39;28969;    9;    1; 2714; 2125; 1409; 2362;  540; 2845; 9642;  972;    0
   16;   10;   14;28917;   39;28969;    9;    1; 1465; 1147;  780; 1326;  285; 1534; 9813;  972;    0
   16;   11;   14;28920;   39;28969;    9;    1;  564;  471;  345;  571;  151;  558; 9194;  937;    4
   16;   12;   14;28923;   39;28969;    9;    1;    1;    1;    1;    1;    1;    1;    0;    0;    4
   16;   13;   14;28926;   39;28969;    9;    1;    1;    1;    1;    1;    1;    1;    0;    0;    4
   16;   14;   14;28929;   39;28969;    9;    1;    1;    1;    1;    1;    1;    1;    0;    0;    4
   15;    1;    7;30573;   18;30642;    5;    1; 1190;  924;  509;  897;  208; 1252; 9601;  902;    0
   15;    2;    7;30576;   18;30642;    5;    1; 1762; 1341;  722; 1344;  255; 1893;10128;  868;    0
   15;    3;    7;30579;   18;30642;    5;    1; 2226; 1687;  892; 1767;  302; 2387;10363;  833;    0
   15;    4;    7;30582;   18;30642;    5;    1; 2374; 1804;  923; 1964;  317; 2560;10482;  763;    0
   15;    5;    7;30585;   18;30642;    5;    1; 2096; 1616;  821; 1806;  288; 2275;10506;  729;    0
   15;    6;    7;30588;   18;30642;    5;    1; 1578; 1233;  621; 1408;  227; 1679;10484;  694;    0
   15;    7;    7;30591;   18;30642;    5;    1;  967;  781;  399;  890;  151; 1007;10379;  694;    0
   16;    1;   12;30570;   33;30646;    7;    1; 1642; 1246;  668; 1007;  263; 1653; 9235; 1111;    0
   16;    2;   12;30573;   33;30646;    7;    1; 2442; 1818;  993; 1499;  384; 2487; 9297; 1111;    0
   16;    3;   12;30576;   33;30646;    7;    1; 3241; 2355; 1291; 1993;  518; 3312; 9251; 1076;    0
   16;    4;   12;30579;   33;30646;    7;    1; 3676; 2653; 1485; 2342;  618; 3798; 9201; 1041;    0
   16;    5;   12;30582;   33;30646;    7;    1; 3598; 2599; 1476; 2392;  592; 3738; 9406; 1006;    0
   16;    6;   12;30585;   33;30646;    7;    1; 3113; 2259; 1288; 2157;  514; 3252; 9521;  972;    0
   16;    7;   12;30588;   33;30646;    7;    1; 2296; 1725;  984; 1709;  389; 2400; 9654;  937;    0
   16;    8;   12;30591;   33;30646;    7;    1; 1429; 1094;  634; 1139;  229; 1511; 9986;  902;    0
   16;    9;   12;30594;   33;30646;    7;    1;  723;  569;  347;  615;  134;  737; 9776;  902;    4
   16;   10;   12;30597;   33;30646;    7;    1;    1;    1;    1;    1;    1;    1;    0;    0;    4
   16;   11;   12;30600;   33;30646;    7;    1;    1;    1;    1;    1;    1;    1;    0;    0;    4
   16;   12;   12;30603;   33;30646;    7;    1;    1;    1;    1;    1;    1;    1;    0;    0;    4
   16;    1;   11;32292;   30;32367;    9;    1; 1377; 1014;  626;  954;  250; 1461; 9224; 1111;    0
   16;    2;   11;32295;   30;32367;    9;    1; 2285; 1670; 1068; 1608;  406; 2419; 9343; 1145;    0
   16;    3;   11;32298;   30;32367;    9;    1; 3331; 2433; 1588; 2310;  613; 3500; 9182; 1180;    0
   16;    4;   11;32301;   30;32367;    9;    1; 4468; 3249; 2191; 3065;  886; 4719; 8886; 1215;    0
   16;    5;   11;32304;   30;32367;    9;    1; 5290; 3868; 2726; 3653; 1184; 5566; 8448; 1284;    0
   16;    6;   11;32307;   30;32367;    9;    1; 5672; 4180; 3019; 3871; 1353; 5910; 8130; 1354;    0
   16;    7;   11;32310;   30;32367;    9;    1; 5649; 4169; 3085; 3844; 1396; 5896; 7960; 1423;    0
   16;    8;   11;32313;   30;32367;    9;    1; 4999; 3710; 2857; 3509; 1314; 5246; 7819; 1458;    0
   16;    9;   11;32316;   30;32367;    9;    1; 3736; 2806; 2230; 2725;  994; 3885; 7940; 1458;    0
   16;   10;   11;32319;   30;32367;    9;    1; 2334; 1771; 1427; 1758;  583; 2419; 8354; 1493;    0
   16;   11;   11;32322;   30;32367;    9;    1; 1144;  893;  757;  925;  319; 1177; 8189; 1493;    0
   17;    1;    5;37578;   12;37644;    3;    1; 1606; 1207;  905; 1251;  399; 1714; 8513; 1215;    0
   17;    2;    5;37581;   12;37644;    3;    1; 1972; 1475; 1139; 1594;  466; 2133; 8845; 1215;    0
   17;    3;    5;37584;   12;37644;    3;    1; 1922; 1463; 1167; 1655;  475; 2081; 8912; 1215;    0
   17;    4;    5;37587;   12;37644;    3;    1; 1542; 1176;  955; 1376;  395; 1653; 8911; 1180;    0
   17;    5;    5;37590;   12;37644;    3;    1;  975;  757;  630;  922;  270; 1029; 8839; 1145;    0
   16;    1;   11;37572;   30;37647;    6;    1; 1628; 1233;  885; 1077;  376; 1667; 8136; 1493;    0
   16;    2;   11;37575;   30;37647;    6;    1; 2916; 2211; 1644; 1960;  804; 2968; 7372; 1493;    0
   16;    3;   11;37578;   30;37647;    6;    1; 4074; 3132; 2465; 2932; 1266; 4196; 7102; 1493;    0
   16;    4;   11;37581;   30;37647;    6;    1; 4727; 3612; 2904; 3520; 1452; 4916; 7343; 1458;    0
   16;    5;   11;37584;   30;37647;    6;    1; 4336; 3352; 2803; 3408; 1387; 4522; 7412; 1458;    0
   16;    6;   11;37587;   30;37647;    6;    1; 3215; 2505; 2159; 2663; 1106; 3353; 7308; 1388;    0
   16;    7;   11;37590;   30;37647;    6;    1; 1814; 1438; 1270; 1589;  540; 1892; 8252; 1423;    0
   16;    8;   11;37593;   30;37647;    6;    1;  767;  618;  559;  728;  220;  774; 8722; 1388;    4
   16;    9;   11;37596;   30;37647;    6;    1;    1;    1;    1;    1;    1;    1;    0;    0;    4
   16;   10;   11;37599;   30;37647;    6;    1;    1;    1;    1;    1;    1;    1;    0;    0;    4
   16;   11;   11;37602;   30;37647;    6;    1;    1;    1;    1;    1;    1;    1;    0;    0;    4
   15;    1;    5;39066;   12;39132;    3;    1; 1159;  891;  664;  790;  354; 1191; 6898; 1458;    0
   15;    2;    5;39069;   12;39132;    3;    1; 1542; 1185;  919; 1074;  496; 1613; 6727; 1493;    0
   15;    3;    5;39072;   12;39132;    3;    1; 1719; 1304; 1063; 1241;  539; 1801; 7070; 1527;    0
   15;    4;    5;39075;   12;39132;    3;    1; 1538; 1171;  990; 1170;  520; 1598; 6944; 1493;    0
   15;    5;    5;39078;   12;39132;    3;    1; 1108;  850;  753;  882;  387; 1165; 7015; 1527;    0
   16;    1;    9;39063;   24;39135;    7;    1; 1606; 1192;  840; 1185;  315; 1653; 9177; 1250;    0
   16;    2;    9;39066;   24;39135;    7;    1; 2821; 2130; 1547; 2114;  626; 2904; 8798; 1284;    0
   16;    3;    9;39069;   24;39135;    7;    1; 4198; 3151; 2428; 3232; 1167; 4348; 7986; 1250;    0
   16;    4;    9;39072;   24;39135;    7;    1; 5201; 3891; 3139; 4063; 1530; 5433; 7792; 1319;    0
   16;    5;    9;39075;   24;39135;    7;    1; 5432; 4064; 3409; 4307; 1690; 5681; 7595; 1354;    0
   16;    6;    9;39078;   24;39135;    7;    1; 4752; 3567; 3139; 3866; 1578; 4994; 7397; 1388;    0
   16;    7;    9;39081;   24;39135;    7;    1; 3364; 2544; 2350; 2828; 1137; 3532; 7474; 1493;    0
   16;    8;    9;39084;   24;39135;    7;    1; 1983; 1502; 1397; 1662;  622; 2070; 7821; 1527;    0
   16;    9;    9;39087;   24;39135;    7;    1;  892;  696;  676;  802;  298;  925; 7855; 1562;    0
   16;    1;    8;40548;   21;40618;    6;    1; 1403; 1122;  615;  979;  255; 1443; 9244; 1006;    0
   16;    2;    8;40551;   21;40618;    6;    1; 2495; 1974; 1083; 1825;  484; 2570; 9184;  902;    0
   16;    3;    8;40554;   21;40618;    6;    1; 3549; 2800; 1563; 2703;  722; 3669; 9161;  868;    0
   16;    4;    8;40557;   21;40618;    6;    1; 4248; 3335; 1888; 3329;  851; 4453; 9304;  868;    0
   16;    5;    8;40560;   21;40618;    6;    1; 4189; 3300; 1901; 3424;  838; 4430; 9440;  833;    0
   16;    6;    8;40563;   21;40618;    6;    1; 3353; 2660; 1581; 2885;  709; 3582; 9428;  833;    0
   16;    7;    8;40566;   21;40618;    6;    1; 2178; 1739; 1053; 1950;  453; 2300; 9596;  833;    0
   16;    8;    8;40569;   21;40618;    6;    1; 1154;  929;  564; 1070;  233; 1209; 9778;  798;    0
   15;    1;    4;40554;    9;40618;    2;    1; 1209;  954;  522;  972;  236; 1277; 9465;  798;    0
   15;    2;    4;40557;    9;40618;    2;    1; 1465; 1157;  628; 1222;  283; 1577; 9605;  763;    0
   15;    3;    4;40560;    9;40618;    2;    1; 1471; 1167;  637; 1279;  293; 1588; 9636;  694;    0
   15;    4;    4;40563;    9;40618;    2;    1; 1214;  975;  539; 1099;  260; 1287; 9542;  659;    0
   16;    1;    9;42057;   24;42129;    7;    1; 1815; 1408;  995; 1280;  428; 1850; 8320; 1354;    0
   16;    2;    9;42060;   24;42129;    7;    1; 3002; 2292; 1694; 2126;  752; 3074; 8078; 1423;    0
   16;    3;    9;42063;   24;42129;    7;    1; 4180; 3171; 2432; 3009; 1098; 4311; 7938; 1423;    0
   16;    4;    9;42066;   24;42129;    7;    1; 4984; 3746; 2947; 3652; 1297; 5177; 8060; 1458;    0
   16;    5;    9;42069;   24;42129;    7;    1; 5127; 3823; 3069; 3841; 1310; 5374; 8236; 1423;    0
   16;    6;    9;42072;   24;42129;    7;    1; 4471; 3323; 2748; 3476; 1163; 4732; 8317; 1423;    0
   16;    7;    9;42075;   24;42129;    7;    1; 3249; 2419; 2042; 2624;  817; 3404; 8608; 1388;    0
   16;    8;    9;42078;   24;42129;    7;    1; 2017; 1494; 1267; 1674;  462; 2093; 9050; 1354;    0
   16;    9;    9;42081;   24;42129;    7;    1; 1005;  766;  669;  899;  268; 1030; 8773; 1319;    0
   15;    1;    5;42063;   12;42129;    3;    1; 1426; 1045;  856; 1196;  383; 1521; 8497; 1180;    0
   15;    2;    5;42066;   12;42129;    3;    1; 1748; 1297; 1094; 1513;  468; 1893; 8633; 1215;    0
   15;    3;    5;42069;   12;42129;    3;    1; 1826; 1360; 1186; 1631;  477; 1980; 8844; 1250;    0
   15;    4;    5;42072;   12;42129;    3;    1; 1591; 1202; 1074; 1477;  444; 1720; 8742; 1250;    0
   15;    5;    5;42075;   12;42129;    3;    1; 1194;  910;  814; 1137;  345; 1272; 8707; 1215;    0
   15;    1;    8;47361;   21;47431;    6;    1; 1155;  909;  624;  814;  288; 1160; 8077; 1319;    0
   15;    2;    8;47364;   21;47431;    6;    1; 1723; 1331;  935; 1202;  421; 1750; 8121; 1354;    0
   15;    3;    8;47367;   21;47431;    6;    1; 2229; 1724; 1212; 1587;  534; 2290; 8293; 1319;    0
   15;    4;    8;47370;   21;47431;    6;    1; 2511; 1934; 1374; 1812;  581; 2585; 8491; 1319;    0
   15;    5;    8;47373;   21;47431;    6;    1; 2430; 1867; 1342; 1796;  553; 2499; 8651; 1319;    0
   15;    6;    8;47376;   21;47431;    6;    1; 1997; 1550; 1116; 1520;  473; 2051; 8610; 1250;    0
   15;    7;    8;47379;   21;47431;    6;    1; 1391; 1091;  796; 1104;  340; 1409; 8650; 1215;    0
   15;    8;    8;47382;   21;47431;    6;    1;  817;  657;  482;  666;  212;  809; 8521; 1215;    0
   16;    1;    9;47361;   24;47433;    7;    1; 1654; 1255;  837; 1173;  341; 1713; 8866; 1215;    0
   16;    2;    9;47364;   24;47433;    7;    1; 2607; 1988; 1366; 1870;  566; 2675; 8716; 1250;    0
   16;    3;    9;47367;   24;47433;    7;    1; 3623; 2757; 1973; 2680;  920; 3729; 8208; 1215;    0
   16;    4;    9;47370;   24;47433;    7;    1; 4355; 3301; 2402; 3251; 1106; 4480; 8247; 1250;    0
   16;    5;    9;47373;   24;47433;    7;    1; 4614; 3499; 2546; 3442; 1150; 4737; 8323; 1250;    0
   16;    6;    9;47376;   24;47433;    7;    1; 4303; 3271; 2407; 3266; 1080; 4462; 8366; 1250;    0
   16;    7;    9;47379;   24;47433;    7;    1; 3410; 2605; 1944; 2651;  869; 3532; 8402; 1250;    0
   16;    8;    9;47382;   24;47433;    7;    1; 2307; 1766; 1304; 1778;  510; 2382; 8914; 1284;    0
   16;    9;    9;47385;   24;47433;    7;    1; 1329; 1035;  749; 1058;  281; 1388; 9180; 1250;    0
   16;    1;   11;48996;   30;49071;    9;    1; 1117;  844;  529;  741;  211; 1150; 8940; 1250;    0
   16;    2;   11;48999;   30;49071;    9;    1; 1852; 1389;  874; 1251;  345; 1910; 9052; 1215;    0
   16;    3;   11;49002;   30;49071;    9;    1; 2844; 2128; 1353; 1968;  592; 2886; 8739; 1145;    0
   16;    4;   11;49005;   30;49071;    9;    1; 3858; 2884; 1895; 2813;  916; 3963; 8429; 1041;    0
   16;    5;   11;49008;   30;49071;    9;    1; 4537; 3403; 2259; 3457; 1085; 4696; 8576; 1006;    0
   16;    6;   11;49011;   30;49071;    9;    1; 4876; 3659; 2410; 3830; 1141; 5094; 8776;  972;    0
   16;    7;   11;49014;   30;49071;    9;    1; 4803; 3612; 2357; 3948; 1111; 5076; 8982;  902;    0
   16;    8;   11;49017;   30;49071;    9;    1; 4122; 3095; 2018; 3581;  882; 4462; 9421;  868;    0
   16;    9;   11;49020;   30;49071;    9;    1; 3079; 2320; 1474; 2753;  583; 3317; 9852;  833;    0
   16;   10;   11;49023;   30;49071;    9;    1; 2002; 1521;  980; 1881;  380; 2190; 9974;  798;    0
   16;   11;   11;49026;   30;49071;    9;    1; 1068;  836;  556; 1069;  220; 1150; 9927;  798;    0
   15;    1;    6;49002;   15;49069;    4;    1; 1392; 1007;  706;  912;  312; 1465; 8223; 1354;    0
   15;    2;    6;49005;   15;49069;    4;    1; 1733; 1249;  870; 1162;  397; 1852; 8229; 1284;    0
   15;    3;    6;49008;   15;49069;    4;    1; 1894; 1360;  969; 1337;  421; 2046; 8563; 1215;    0
   15;    4;    6;49011;   15;49069;    4;    1; 1804; 1300;  921; 1328;  411; 1969; 8631; 1145;    0
   15;    5;    6;49014;   15;49069;    4;    1; 1527; 1112;  780; 1173;  350; 1664; 8770; 1076;    0
   15;    6;    6;49017;   15;49069;    4;    1; 1136;  842;  588;  917;  274; 1226; 8764; 1006;    0
   16;    1;    9;50532;   24;50604;    7;    1; 1686; 1219;  639;  957;  220; 1727; 9626; 1180;    0
   16;    2;    9;50535;   24;50604;    7;    1; 2869; 2098; 1158; 1650;  393; 2913; 9522; 1250;    0
   16;    3;    9;50538;   24;50604;    7;    1; 4261; 3120; 1847; 2569;  795; 4297; 8631; 1215;    0
   16;    4;    9;50541;   24;50604;    7;    1; 5298; 3882; 2407; 3302; 1037; 5383; 8574; 1250;    0
   16;    5;    9;50544;   24;50604;    7;    1; 5548; 4067; 2617; 3545; 1106; 5653; 8600; 1284;    0
   16;    6;    9;50547;   24;50604;    7;    1; 4971; 3667; 2463; 3286; 1054; 5071; 8490; 1284;    0
   16;    7;    9;50550;   24;50604;    7;    1; 3693; 2742; 1934; 2599;  838; 3784; 8469; 1284;    0
   16;    8;    9;50553;   24;50604;    7;    1; 2239; 1674; 1196; 1601;  410; 2304; 9298; 1354;    0
   16;    9;    9;50556;   24;50604;    7;    1; 1066;  819;  618;  848;  216; 1095; 9316; 1319;    0
   17;    1;    5;50538;   12;50604;    3;    1; 1135;  827;  499;  642;  213; 1178; 8352; 1388;    0
   17;    2;    5;50541;   12;50604;    3;    1; 1465; 1066;  662;  845;  270; 1518; 8505; 1388;    0
   17;    3;    5;50544;   12;50604;    3;    1; 1588; 1170;  754;  938;  301; 1662; 8488; 1458;    0
   17;    4;    5;50547;   12;50604;    3;    1; 1403; 1045;  714;  879;  297; 1467; 8276; 1458;    0
   17;    5;    5;50550;   12;50604;    3;    1; 1019;  772;  545;  669;  253; 1052; 7772; 1458;    0
   16;    1;   10;52041;   27;52114;    8;    1; 1120;  844;  480;  775;  185; 1163; 9516; 1041;    0
   16;    2;   10;52044;   27;52114;    8;    1; 1983; 1504;  867; 1419;  341; 2075; 9496; 1006;    0
   16;    3;   10;52047;   27;52114;    8;    1; 3171; 2433; 1447; 2342;  622; 3307; 9180;  972;    0
   16;    4;   10;52050;   27;52114;    8;    1; 4403; 3368; 2097; 3447;  968; 4627; 8989;  937;    0
   16;    5;   10;52053;   27;52114;    8;    1; 5173; 3973; 2527; 4269; 1163; 5461; 9094;  902;    0
   16;    6;   10;52056;   27;52114;    8;    1; 5304; 4084; 2593; 4515; 1150; 5635; 9316;  868;    0
   16;    7;   10;52059;   27;52114;    8;    1; 4643; 3579; 2303; 4128; 1016; 4961; 9423;  833;    0
   16;    8;   10;52062;   27;52114;    8;    1; 3339; 2591; 1685; 3076;  696; 3582; 9671;  833;    0
   16;    9;   10;52065;   27;52114;    8;    1; 1994; 1555;  997; 1848;  315; 2130;10369;  902;    0
   16;   10;   10;52068;   27;52114;    8;    1;  942;  747;  511;  921;  172; 1003;10165;  937;    0
   15;    1;    6;52047;   15;52114;    4;    1; 1444; 1102;  684; 1020;  307; 1501; 8737; 1076;    0
   15;    2;    6;52050;   15;52114;    4;    1; 1803; 1390;  896; 1315;  383; 1924; 8859; 1145;    0
   15;    3;    6;52053;   15;52114;    4;    1; 1934; 1491; 1008; 1469;  416; 2092; 8960; 1145;    0
   15;    4;    6;52056;   15;52114;    4;    1; 1749; 1364;  950; 1393;  383; 1893; 9063; 1145;    0
   15;    5;    6;52059;   15;52114;    4;    1; 1347; 1061;  752; 1106;  317; 1425; 8917; 1145;    0
   15;    6;    6;52062;   15;52114;    4;    1;  861;  686;  512;  755;  217;  890; 8907; 1111;    0
   16;    1;   10;53679;   27;53752;    8;    1; 1185;  842;  407;  517;  138; 1172; 9163; 1458;    0
   16;    2;   10;53682;   27;53752;    8;    1; 2083; 1474;  741;  914;  229; 2070; 9368; 1527;    0
   16;    3;   10;53685;   27;53752;    8;    1; 3189; 2293; 1224; 1478;  397; 3193; 9142; 1562;    0
   16;    4;   10;53688;   27;53752;    8;    1; 4338; 3099; 1787; 2223;  709; 4421; 8513; 1458;    0
   16;    5;   10;53691;   27;53752;    8;    1; 4996; 3577; 2164; 2778;  838; 5158; 8729; 1423;    0
   16;    6;   10;53694;   27;53752;    8;    1; 5064; 3633; 2274; 3067;  895; 5291; 8852; 1319;    0
   16;    7;   10;53697;   27;53752;    8;    1; 4479; 3224; 2098; 2997;  847; 4783; 8967; 1180;    0
   16;    8;   10;53700;   27;53752;    8;    1; 3323; 2385; 1604; 2430;  626; 3559; 9279; 1111;    0
   16;    9;   10;53703;   27;53752;    8;    1; 2130; 1525;  979; 1606;  345; 2272; 9814; 1041;    0
   16;   10;   10;53706;   27;53752;    8;    1; 1108;  824;  533;  913;  207; 1191; 9665;  937;    0
   15;    1;    4;53688;    9;53752;    2;    1; 1231;  887;  496;  605;  193; 1211; 8512; 1527;    0
   15;    2;    4;53691;    9;53752;    2;    1; 1283;  924;  543;  676;  203; 1287; 8746; 1493;    0
   15;    3;    4;53694;    9;53752;    2;    1; 1128;  827;  507;  623;  208; 1109; 8326; 1493;    0
   15;    4;    4;53697;    9;53752;    2;    1;  842;  642;  414;  508;  184;  839; 7972; 1458;    0
   17;    1;    6;58866;   15;58933;    4;    1; 1316;  959;  602;  973;  235; 1392; 9480; 1006;    0
   17;    2;    6;58869;   15;58933;    4;    1; 1812; 1312;  832; 1371;  319; 1942; 9591; 1006;    0
   17;    3;    6;58872;   15;58933;    4;    1; 2116; 1528;  997; 1635;  359; 2282; 9755; 1041;    0
   17;    4;    6;58875;   15;58933;    4;    1; 2023; 1459;  984; 1603;  350; 2175; 9770; 1041;    0
   17;    5;    6;58878;   15;58933;    4;    1; 1593; 1153;  799; 1292;  297; 1700; 9626; 1041;    0
   17;    6;    6;58881;   15;58933;    4;    1; 1043;  765;  542;  866;  208; 1089; 9497; 1041;    0
   16;    1;   13;58863;   36;58941;    8;    1; 1381; 1020;  635;  985;  272; 1470; 9048; 1041;    0
   16;    2;   13;58866;   36;58941;    8;    1; 2425; 1783; 1149; 1844;  484; 2602; 9219; 1006;    0
   16;    3;   13;58869;   36;58941;    8;    1; 3682; 2720; 1799; 2934;  834; 3972; 8946;  937;    0
   16;    4;   13;58872;   36;58941;    8;    1; 4770; 3538; 2389; 3977; 1124; 5195; 8967;  902;    0
   16;    5;   13;58875;   36;58941;    8;    1; 5260; 3930; 2667; 4553; 1219; 5750; 9153;  902;    0
   16;    6;   13;58878;   36;58941;    8;    1; 5043; 3782; 2567; 4450; 1141; 5534; 9294;  868;    0
   16;    7;   13;58881;   36;58941;    8;    1; 4032; 3058; 2098; 3658;  920; 4421; 9356;  868;    0
   16;    8;   13;58884;   36;58941;    8;    1; 2678; 2041; 1380; 2444;  531; 2913; 9784;  902;    0
   16;    9;   13;58887;   36;58941;    8;    1; 1474; 1124;  749; 1336;  268; 1576; 9992;  937;    0
   16;   10;   13;58890;   36;58941;    8;    1;  575;  456;  323;  542;  125;  572; 9617;  972;    4
   16;   11;   13;58893;   36;58941;    8;    1;    1;    1;    1;    1;    1;    1;    0;    0;    4
   16;   12;   13;58896;   36;58941;    8;    1;    1;    1;    1;    1;    1;    1;    0;    0;    4
   16;   13;   13;58899;   36;58941;    8;    1;    1;    1;    1;    1;    1;    1;    0;    0;    4
   17;    1;    5;60288;   12;60354;    3;    1; 1475; 1045;  594;  941;  253; 1588; 9139; 1006;    0
   17;    2;    5;60291;   12;60354;    3;    1; 1774; 1245;  709; 1175;  279; 1918; 9531;  972;    0
   17;    3;    5;60294;   12;60354;    3;    1; 1816; 1277;  740; 1275;  288; 1979; 9676;  937;    0
   17;    4;    5;60297;   12;60354;    3;    1; 1594; 1124;  654; 1162;  253; 1718; 9778;  902;    0
   17;    5;    5;60300;   12;60354;    3;    1; 1195;  851;  497;  919;  199; 1280; 9793;  833;    0
   16;    1;   13;60282;   36;60360;    8;    1; 1922; 1336;  697; 1160;  255; 1993; 9752; 1006;    0
   16;    2;   13;60285;   36;60360;    8;    1; 3018; 2105; 1188; 1934;  518; 3110; 9152;  972;    0
   16;    3;   13;60288;   36;60360;    8;    1; 4119; 2888; 1737; 2867;  864; 4279; 8732;  902;    0
   16;    4;   13;60291;   36;60360;    8;    1; 4812; 3368; 2059; 3520;  972; 5067; 9048;  868;    0
   16;    5;   13;60294;   36;60360;    8;    1; 4953; 3456; 2083; 3823;  968; 5264; 9334;  798;    0
   16;    6;   13;60297;   36;60360;    8;    1; 4580; 3177; 1876; 3718;  877; 4920; 9551;  729;    0
   16;    7;   13;60300;   36;60360;    8;    1; 3554; 2470; 1422; 3079;  613; 3908;10011;  659;    0
   16;    8;   13;60303;   36;60360;    8;    1; 2383; 1645;  846; 2099;  285; 2616;10802;  625;    0
   16;    9;   13;60306;   36;60360;    8;    1; 1405;  970;  462; 1297;  164; 1548;10919;  520;    0
   16;   10;   13;60309;   36;60360;    8;    1;  644;  477;  242;  652;  112;  691;10352;  486;    4
   16;   11;   13;60312;   36;60360;    8;    1;    1;    1;    1;    1;    1;    1;    0;    0;    4
   16;   12;   13;60315;   36;60360;    8;    1;    1;    1;    1;    1;    1;    1;    0;    0;    4
   16;   13;   13;60318;   36;60360;    8;    1;    1;    1;    1;    1;    1;    1;    0;    0;    4
   17;    1;    6;61779;   15;61846;    4;    1; 1596; 1250;  630; 1256;  257; 1690; 9942;  763;    0
   17;    2;    6;61782;   15;61846;    4;    1; 2064; 1601;  807; 1646;  324; 2212;10039;  729;    0
   17;    3;    6;61785;   15;61846;    4;    1; 2255; 1734;  882; 1853;  341; 2435;10199;  729;    0
   17;    4;    6;61788;   15;61846;    4;    1; 2056; 1579;  807; 1755;  310; 2221;10292;  694;    0
   17;    5;    6;61791;   15;61846;    4;    1; 1565; 1211;  630; 1387;  253; 1672;10219;  659;    0
   17;    6;    6;61794;   15;61846;    4;    1; 1002;  789;  412;  925;  168; 1057;10229;  659;    0
   16;    1;   12;61776;   33;61852;    7;    1; 1546; 1239;  734; 1171;  311; 1603; 9180; 1006;    0
   16;    2;   12;61779;   33;61852;    7;    1; 2586; 2062; 1265; 1969;  549; 2675; 9014; 1041;    0
   16;    3;   12;61782;   33;61852;    7;    1; 3683; 2939; 1853; 2860;  860; 3825; 8741; 1006;    0
   16;    4;   12;61785;   33;61852;    7;    1; 4407; 3518; 2260; 3475; 1024; 4600; 8816; 1041;    0
   16;    5;   12;61788;   33;61852;    7;    1; 4505; 3602; 2310; 3622; 1016; 4714; 8993; 1006;    0
   16;    6;   12;61791;   33;61852;    7;    1; 3874; 3110; 1997; 3218;  869; 4059; 9124;  972;    0
   16;    7;   12;61794;   33;61852;    7;    1; 2741; 2212; 1422; 2348;  579; 2872; 9417;  972;    0
   16;    8;   12;61797;   33;61852;    7;    1; 1585; 1293;  799; 1412;  306; 1658; 9791;  902;    0
   16;    9;   12;61800;   33;61852;    7;    1;  707;  591;  373;  684;  155;  714; 9667;  833;    4
   16;   10;   12;61803;   33;61852;    7;    1;    1;    1;    1;    1;    1;    1;    0;    0;    4
   16;   11;   12;61806;   33;61852;    7;    1;    1;    1;    1;    1;    1;    1;    0;    0;    4
   16;   12;   12;61809;   33;61852;    7;    1;    1;    1;    1;    1;    1;    1;    0;    0;    4
