   16;    1;   12;13356;   33;13432;    7;    1;    1;    1;    1;    1;    1;    1;    0;    0;    0
   16;    2;   12;13359;   33;13432;    7;    1; 2044; 1440;  462; 1325;  142; 2185;11160;  555;    0
   16;    3;   12;13362;   33;13432;    7;    1; 3243; 2310;  848; 2040;  289; 3404;10729;  659;    0
   16;    4;   12;13365;   33;13432;    7;    1; 4411; 3147; 1317; 2848;  549; 4687;10090;  694;    0
   16;    5;   12;13368;   33;13432;    7;    1; 5004; 3594; 1587; 3231;  631; 5291;10058;  763;    0
   16;    6;   12;13371;   33;13432;    7;    1; 5003; 3602; 1629; 3219;  635; 5282;10034;  798;    0
   16;    7;   12;13374;   33;13432;    7;    1; 4287; 3087; 1393; 2850;  562; 4590;10035;  729;    0
   16;    8;   12;13377;   33;13432;    7;    1; 2972; 2156;  930; 2045;  298; 3152;10678;  729;    0
   16;    9;   12;13380;   33;13432;    7;    1; 1756; 1270;  486; 1261;  138; 1873;11132;  625;    4
   16;   10;   12;13383;   33;13432;    7;    1;    1;    1;    1;    1;    1;    1;    0;    0;    4
   16;   11;   12;13386;   33;13432;    7;    1;    1;    1;    1;    1;    1;    1;    0;    0;    4
   16;   12;   12;13389;   33;13432;    7;    1;    1;    1;    1;    1;    1;    1;    0;    0;    4
   15;    1;    9;13362;   24;13434;    4;    1; 1239;  903;  415;  707;  170; 1297; 9494;  937;    0
   15;    2;    9;13365;   24;13434;    4;    1; 1629; 1179;  534;  961;  198; 1745; 9924;  902;    0
   15;    3;    9;13368;   24;13434;    4;    1; 1813; 1313;  585; 1107;  208; 1918;10151;  868;    0
   15;    4;    9;13371;   24;13434;    4;    1; 1684; 1215;  549; 1069;  189; 1771;10289;  833;    0
   15;    5;    9;13374;   24;13434;    4;    1; 1296;  944;  428;  859;  165; 1359;10098;  763;    0
   15;    6;    9;13377;   24;13434;    4;    1;  830;  623;  290;  582;  137;  834; 9557;  694;    4
   15;    7;    9;13380;   24;13434;    4;    1;    1;    1;    1;    1;    1;    1;    0;    0;    4
   15;    8;    9;13383;   24;13434;    4;    1;    1;    1;    1;    1;    1;    1;    0;    0;    4
   15;    9;    9;13386;   24;13434;    4;    1;    1;    1;    1;    1;    1;    1;    0;    0;    4
   16;    1;   11;16386;   30;16461;    6;    1;    1;    1;    1;    1;    1;    1;    0;    0;    0
   16;    2;   11;16389;   30;16461;    6;    1; 2908; 2031;  483; 2210;  155; 3216;11623;  312;    0
   16;    3;   11;16392;   30;16461;    6;    1; 4066; 2841;  773; 3277;  371; 4535;11084;  277;    0
   16;    4;   11;16395;   30;16461;    6;    1; 4680; 3311;  977; 3889;  428; 5200;11124;  312;    0
   16;    5;   11;16398;   30;16461;    6;    1; 4689; 3347; 1037; 3903;  432; 5200;11116;  347;    0
   16;    6;   11;16401;   30;16461;    6;    1; 4087; 2927;  994; 3393;  423; 4540;10941;  381;    0
   16;    7;   11;16404;   30;16461;    6;    1; 2855; 2054;  749; 2359;  216; 3147;11355;  486;    0
   16;    8;   11;16407;   30;16461;    6;    1; 1669; 1199;  432; 1320;  116; 1837;11401;  520;    4
   16;    9;   11;16410;   30;16461;    6;    1;    1;    1;    1;    1;    1;    1;    0;    0;    4
   16;   10;   11;16413;   30;16461;    6;    1;    1;    1;    1;    1;    1;    1;    0;    0;    4
   16;   11;   11;16416;   30;16461;    6;    1;    1;    1;    1;    1;    1;    1;    0;    0;    4
   17;    1;   11;16389;   30;16464;    6;    1;    1;    1;    1;    1;    1;    1;    0;    0;    0
   17;    2;   11;16392;   30;16464;    6;    1; 1783; 1204;  407; 1042;  124; 1942;11012;  625;    0
   17;    3;   11;16395;   30;16464;    6;    1; 2355; 1596;  539; 1417;  155; 2561;11132;  625;    0
   17;    4;   11;16398;   30;16464;    6;    1; 2664; 1809;  625; 1680;  168; 2873;11250;  625;    0
   17;    5;   11;16401;   30;16464;    6;    1; 2579; 1764;  640; 1714;  155; 2803;11369;  625;    0
   17;    6;   11;16404;   30;16464;    6;    1; 2080; 1454;  557; 1444;  150; 2198;11201;  625;    0
   17;    7;   11;16407;   30;16464;    6;    1; 1401;  993;  414; 1017;  128; 1467;10926;  659;    0
   17;    8;   11;16410;   30;16464;    6;    1;  762;  571;  269;  596;  111;  801;10171;  659;    4
   17;    9;   11;16413;   30;16464;    6;    1;    1;    1;    1;    1;    1;    1;    0;    0;    4
   17;   10;   11;16416;   30;16464;    6;    1;    1;    1;    1;    1;    1;    1;    0;    0;    4
   17;   11;   11;16419;   30;16464;    6;    1;    1;    1;    1;    1;    1;    1;    0;    0;    4
   15;    1;    2;18234;    1;    0;    0; 1024;    1;    1;    1;    1;    1;    1;    0;    0;    4
   15;    2;    2;18237;    1;    0;    0; 1024;    1;    1;    1;    1;    1;    1;    0;    0;    4
   16;    1;   12;18225;   33;18301;    6;    1;    1;    1;    1;    1;    1;    1;    0;    0;    4
   16;    2;   12;18228;   33;18301;    6;    1;    1;    1;    1;    1;    1;    1;    0;    0;    0
   16;    3;   12;18231;   33;18301;    6;    1; 3436; 2521;  488; 2964;  151; 3784;11863;  243;    0
   16;    4;   12;18234;   33;18301;    6;    1; 4566; 3345;  784; 4147;  402; 5108;11288;  208;    0
   16;    5;   12;18237;   33;18301;    6;    1; 5159; 3795;  939; 4830;  458; 5745;11314;  208;    0
   16;    6;   12;18240;   33;18301;    6;    1; 5249; 3885;  979; 4982;  484; 5878;11285;  208;    0
   16;    7;   12;18243;   33;18301;    6;    1; 4887; 3600;  932; 4679;  462; 5498;11265;  208;    0
   16;    8;   12;18246;   33;18301;    6;    1; 3800; 2784;  717; 3762;  319; 4293;11440;  208;    0
   16;    9;   12;18249;   33;18301;    6;    1; 2552; 1857;  394; 2465;  125; 2854;11866;  208;    4
   16;   10;   12;18252;   33;18301;    6;    1;    1;    1;    1;    1;    1;    1;    0;    0;    4
   16;   11;   12;18255;   33;18301;    6;    1;    1;    1;    1;    1;    1;    1;    0;    0;    4
   16;   12;   12;18258;   33;18301;    6;    1;    1;    1;    1;    1;    1;    1;    0;    0;    4
   17;    1;    8;18234;   21;18304;    2;    1;    1;    1;    1;    1;    1;    1;    0;    0;    4
   17;    2;    8;18237;   21;18304;    2;    1;    1;    1;    1;    1;    1;    1;    0;    0;    0
   17;    3;    8;18240;   21;18304;    2;    1; 1942; 1396;  332; 1546;  102; 2156;11675;  312;    0
   17;    4;    8;18243;   21;18304;    2;    1; 1796; 1291;  324; 1462;  102; 1993;11627;  312;    0
   17;    5;    8;18246;   21;18304;    2;    1; 1399; 1019;  269; 1165;  102; 1527;11405;  312;    4
   17;    6;    8;18249;   21;18304;    2;    1;    1;    1;    1;    1;    1;    1;    0;    0;    4
   17;    7;    8;18252;   21;18304;    2;    1;    1;    1;    1;    1;    1;    1;    0;    0;    4
   17;    8;    8;18255;   21;18304;    2;    1;    1;    1;    1;    1;    1;    1;    0;    0;    4
   15;    1;    5;18240;    6;    0;    1; 1024;    1;    1;    1;    1;    1;    1;    0;    0;    0
   15;    2;    5;18243;    6;    0;    1; 1024; 1064;  781;  142; 1106;  104; 1206;11324;   69;    4
   15;    3;    5;18246;    6;    0;    1; 1024;    1;    1;    1;    1;    1;    1;    0;    0;    4
   15;    4;    5;18249;    6;    0;    1; 1024;    1;    1;    1;    1;    1;    1;    0;    0;    4
   15;    5;    5;18252;    6;    0;    1; 1024;    1;    1;    1;    1;    1;    1;    0;    0;    4
   16;    1;   12;19860;   33;19936;    7;    1;    1;    1;    1;    1;    1;    1;    0;    0;    0
   16;    2;   12;19863;   33;19936;    7;    1; 2191; 1517;  498; 1269;  129; 2327;11229;  659;    0
   16;    3;   12;19866;   33;19936;    7;    1; 3378; 2370;  819; 2107;  255; 3605;10987;  625;    0
   16;    4;   12;19869;   33;19936;    7;    1; 4541; 3185; 1176; 3112;  466; 4934;10628;  555;    0
   16;    5;   12;19872;   33;19936;    7;    1; 5129; 3601; 1343; 3790;  501; 5617;10847;  520;    0
   16;    6;   12;19875;   33;19936;    7;    1; 5123; 3593; 1316; 4056;  497; 5658;10968;  451;    0
   16;    7;   12;19878;   33;19936;    7;    1; 4453; 3126; 1126; 3769;  449; 4994;11010;  416;    0
   16;    8;   12;19881;   33;19936;    7;    1; 3199; 2252;  786; 2838;  259; 3573;11359;  416;    0
   16;    9;   12;19884;   33;19936;    7;    1; 1951; 1377;  439; 1788;  125; 2180;11626;  381;    4
   16;   10;   12;19887;   33;19936;    7;    1;    1;    1;    1;    1;    1;    1;    0;    0;    4
   16;   11;   12;19890;   33;19936;    7;    1;    1;    1;    1;    1;    1;    1;    0;    0;    4
   16;   12;   12;19893;   33;19936;    7;    1;    1;    1;    1;    1;    1;    1;    0;    0;    4
   15;    1;    8;19866;   10;    0;    2; 1024;    1;    1;    1;    1;    1;    1;    0;    0;    0
   15;    2;    8;19869;   10;    0;    2; 1024; 1776; 1214;  272; 1638;  104; 2030;11706;  208;    4
   15;    3;    8;19872;   10;    0;    2; 1024;    1;    1;    1;    1;    1;    1;    0;    0;    4
   15;    4;    8;19875;   10;    0;    2; 1024;    1;    1;    1;    1;    1;    1;    0;    0;    0
   15;    5;    8;19878;   10;    0;    2; 1024; 1058;  746;  205; 1110;  104; 1180;11328;  208;    4
   15;    6;    8;19881;   10;    0;    2; 1024;    1;    1;    1;    1;    1;    1;    0;    0;    4
   15;    7;    8;19884;   10;    0;    2; 1024;    1;    1;    1;    1;    1;    1;    0;    0;    4
   15;    8;    8;19887;   10;    0;    2; 1024;    1;    1;    1;    1;    1;    1;    0;    0;    4
   17;    1;    5;19869;   12;19935;    3;   64; 1215;  854;  355;  687;  124; 1262;10243;  833;    0
   17;    2;    5;19872;   12;19935;    3;   64; 1631; 1153;  489;  931;  155; 1723;10418;  868;    0
   17;    3;    5;19875;   12;19935;    3;   64; 1831; 1301;  547; 1093;  173; 1928;10521;  833;    0
   17;    4;    5;19878;   12;19935;    3;   64; 1672; 1203;  517; 1048;  159; 1769;10603;  833;    0
   17;    5;    5;19881;   12;19935;    3;   64; 1259;  918;  414;  817;  142; 1318;10327;  833;    0
   16;    1;   11;21540;   30;21615;    5;    1;    1;    1;    1;    1;    1;    1;    0;    0;    4
   16;    2;   11;21543;   30;21615;    5;    1;    1;    1;    1;    1;    1;    1;    0;    0;    0
   16;    3;   11;21546;   30;21615;    5;    1; 3169; 2277;  396; 2998;  198; 3532;11674;  138;    0
   16;    4;   11;21549;   30;21615;    5;    1; 4066; 2911;  550; 3976;  250; 4567;11714;  138;    0
   16;    5;   11;21552;   30;21615;    5;    1; 4489; 3233;  631; 4561;  259; 5081;11790;  173;    0
   16;    6;   11;21555;   30;21615;    5;    1; 4330; 3122;  662; 4537;  272; 4925;11750;  173;    0
   16;    7;   11;21558;   30;21615;    5;    1; 3452; 2509;  576; 3804;  233; 3967;11734;  173;    0
   16;    8;   11;21561;   30;21615;    5;    1; 2352; 1717;  385; 2622;  116; 2675;11946;  208;    4
   16;    9;   11;21564;   30;21615;    5;    1;    1;    1;    1;    1;    1;    1;    0;    0;    4
   16;   10;   11;21567;   30;21615;    5;    1;    1;    1;    1;    1;    1;    1;    0;    0;    4
   16;   11;   11;21570;   30;21615;    5;    1;    1;    1;    1;    1;    1;    1;    0;    0;    4
   17;    1;    7;21543;   18;21612;    5;    1; 1646; 1206;  315; 1404;  102; 1825;11591;  312;    0
   17;    2;    7;21546;   18;21612;    5;    1; 2387; 1747;  519; 2141;  159; 2668;11571;  347;    0
   17;    3;    7;21549;   18;21612;    5;    1; 2985; 2177;  727; 2777;  208; 3358;11563;  416;    0
   17;    4;    7;21552;   18;21612;    5;    1; 3141; 2279;  890; 3093;  248; 3549;11497;  451;    0
   17;    5;    7;21555;   18;21612;    5;    1; 2724; 1980;  904; 2837;  257; 3078;11367;  520;    0
   17;    6;    7;21558;   18;21612;    5;    1; 1966; 1445;  747; 2152;  222; 2203;11210;  555;    0
   17;    7;    7;21561;   18;21612;    5;    1; 1203;  894;  515; 1360;  159; 1327;11038;  590;    0
   17;    1;    7;23211;   18;23280;    5;    1; 1301;  955;  472;  854;  190; 1383; 9718;  868;    0
   17;    2;    7;23214;   18;23280;    5;    1; 1905; 1394;  719; 1290;  275; 2054; 9835;  902;    0
   17;    3;    7;23217;   18;23280;    5;    1; 2405; 1754;  914; 1702;  346; 2622; 9958;  868;    0
   17;    4;    7;23220;   18;23280;    5;    1; 2586; 1889;  972; 1934;  350; 2850;10237;  798;    0
   17;    5;    7;23223;   18;23280;    5;    1; 2386; 1754;  877; 1908;  324; 2654;10377;  694;    0
   17;    6;    7;23226;   18;23280;    5;    1; 1846; 1370;  649; 1593;  235; 2049;10655;  625;    0
   17;    7;    7;23229;   18;23280;    5;    1; 1202;  901;  410; 1102;  155; 1313;10741;  555;    0
   16;    1;   12;23208;   33;23284;    7;    1; 1827; 1426;  791; 1183;  298; 1905; 9351; 1145;    0
   16;    2;   12;23211;   33;23284;    7;    1; 2870; 2236; 1290; 2000;  527; 3037; 9206; 1076;    0
   16;    3;   12;23214;   33;23284;    7;    1; 3782; 2939; 1720; 2795;  696; 4054; 9387; 1006;    0
   16;    4;   12;23217;   33;23284;    7;    1; 4201; 3239; 1903; 3313;  726; 4581; 9760;  937;    0
   16;    5;   12;23220;   33;23284;    7;    1; 4052; 3112; 1798; 3404;  665; 4499;10058;  833;    0
   16;    6;   12;23223;   33;23284;    7;    1; 3402; 2605; 1446; 3033;  497; 3825;10451;  763;    0
   16;    7;   12;23226;   33;23284;    7;    1; 2451; 1890;  982; 2298;  298; 2794;10879;  694;    0
   16;    8;   12;23229;   33;23284;    7;    1; 1560; 1205;  593; 1525;  190; 1768;10942;  625;    0
   16;    9;   12;23232;   33;23284;    7;    1;  823;  661;  323;  864;  121;  916;10749;  555;    4
   16;   10;   12;23235;   33;23284;    7;    1;    1;    1;    1;    1;    1;    1;    0;    0;    4
   16;   11;   12;23238;   33;23284;    7;    1;    1;    1;    1;    1;    1;    1;    0;    0;    4
   16;   12;   12;23241;   33;23284;    7;    1;    1;    1;    1;    1;    1;    1;    0;    0;    4
   15;    1;    6;24672;   15;24739;    4;    1; 1350; 1057;  518;  925;  217; 1374; 9567;  868;    0
   15;    2;    6;24675;   15;24739;    4;    1; 1740; 1339;  672; 1212;  255; 1776; 9870;  902;    0
   15;    3;    6;24678;   15;24739;    4;    1; 1930; 1481;  753; 1376;  269; 2005;10056;  902;    0
   15;    4;    6;24681;   15;24739;    4;    1; 1810; 1393;  727; 1334;  269; 1868; 9979;  868;    0
   15;    5;    6;24684;   15;24739;    4;    1; 1466; 1122;  597; 1092;  227; 1496; 9901;  868;    0
   15;    6;    6;24687;   15;24739;    4;    1; 1027;  783;  420;  780;  179; 1038; 9631;  833;    0
   16;    1;   13;24666;   36;24744;    8;    1;    1;    1;    1;    1;    1;    1;    0;    0;    0
   16;    2;   13;24669;   36;24744;    8;    1; 1954; 1407;  503; 1331;  155; 2052;11044;  590;    0
   16;    3;   13;24672;   36;24744;    8;    1; 2927; 2132;  811; 2018;  255; 3046;10920;  625;    0
   16;    4;   13;24675;   36;24744;    8;    1; 3914; 2850; 1172; 2807;  453; 4123;10482;  625;    0
   16;    5;   13;24678;   36;24744;    8;    1; 4498; 3270; 1376; 3314;  510; 4769;10576;  625;    0
   16;    6;   13;24681;   36;24744;    8;    1; 4522; 3288; 1398; 3428;  510; 4824;10640;  625;    0
   16;    7;   13;24684;   36;24744;    8;    1; 4008; 2921; 1259; 3144;  453; 4302;10698;  590;    0
   16;    8;   13;24687;   36;24744;    8;    1; 3035; 2211;  951; 2478;  345; 3252;10759;  590;    0
   16;    9;   13;24690;   36;24744;    8;    1; 1953; 1438;  559; 1615;  164; 2089;11230;  555;    0
   16;   10;   13;24693;   36;24744;    8;    1; 1051;  782;  299;  928;  112; 1127;10991;  451;    4
   16;   11;   13;24696;   36;24744;    8;    1;    1;    1;    1;    1;    1;    1;    0;    0;    4
   16;   12;   13;24699;   36;24744;    8;    1;    1;    1;    1;    1;    1;    1;    0;    0;    4
   16;   13;   13;24702;   36;24744;    8;    1;    1;    1;    1;    1;    1;    1;    0;    0;    4
   17;    1;    6;29607;   15;29674;    4;    1; 1312; 1045;  624; 1021;  328; 1406; 8484;  868;    0
   17;    2;    6;29610;   15;29674;    4;    1; 1798; 1420;  860; 1417;  448; 1928; 8547;  868;    0
   17;    3;    6;29613;   15;29674;    4;    1; 2065; 1630; 1009; 1696;  501; 2244; 8807;  868;    0
   17;    4;    6;29616;   15;29674;    4;    1; 1974; 1551;  985; 1679;  483; 2147; 8904;  868;    0
   17;    5;    6;29619;   15;29674;    4;    1; 1550; 1239;  797; 1377;  390; 1672; 8959;  833;    0
   17;    6;    6;29622;   15;29674;    4;    1; 1027;  826;  545;  941;  257; 1085; 9086;  868;    0
   16;    1;   12;29604;   33;29680;    7;    1; 1736; 1392;  641; 1394;  263; 1864;10141;  694;    0
   16;    2;   12;29607;   33;29680;    7;    1; 2731; 2187; 1081; 2277;  488; 2936; 9821;  659;    0
   16;    3;   12;29610;   33;29680;    7;    1; 3728; 2982; 1554; 3222;  726; 4073; 9683;  659;    0
   16;    4;   12;29613;   33;29680;    7;    1; 4368; 3495; 1889; 3930;  890; 4778; 9669;  659;    0
   16;    5;   12;29616;   33;29680;    7;    1; 4441; 3561; 1978; 4168;  925; 4874; 9725;  659;    0
   16;    6;   12;29619;   33;29680;    7;    1; 3819; 3085; 1751; 3778;  804; 4233; 9839;  659;    0
   16;    7;   12;29622;   33;29680;    7;    1; 2749; 2234; 1267; 2842;  549; 3028;10085;  625;    0
   16;    8;   12;29625;   33;29680;    7;    1; 1618; 1346;  755; 1753;  315; 1782;10253;  625;    0
   16;    9;   12;29628;   33;29680;    7;    1;  721;  622;  354;  826;  151;  760;10214;  625;    4
   16;   10;   12;29631;   33;29680;    7;    1;    1;    1;    1;    1;    1;    1;    0;    0;    4
   16;   11;   12;29634;   33;29680;    7;    1;    1;    1;    1;    1;    1;    1;    0;    0;    4
   16;   12;   12;29637;   33;29680;    7;    1;    1;    1;    1;    1;    1;    1;    0;    0;    4
   15;    1;    2;30408;    1;    0;    0; 1024;    1;    1;    1;    1;    1;    1;    0;    0;    4
   15;    2;    2;30411;    1;    0;    0; 1024;    1;    1;    1;    1;    1;    1;    0;    0;    4
   16;    1;   11;30405;   30;30480;    6;    1;    1;    1;    1;    1;    1;    1;    0;    0;    0
   16;    2;   11;30408;   30;30480;    6;    1; 3032; 2218;  228; 2908;  121; 3450;11979;   69;    0
   16;    3;   11;30411;   30;30480;    6;    1; 4400; 3210;  458; 4297;  324; 5035;11557;   69;    0
   16;    4;   11;30414;   30;30480;    6;    1; 5191; 3805;  648; 5280;  410; 5969;11529;   69;    0
   16;    5;   11;30417;   30;30480;    6;    1; 5255; 3860;  702; 5384;  423; 6029;11517;  104;    0
   16;    6;   11;30420;   30;30480;    6;    1; 4684; 3405;  674; 4815;  406; 5424;11446;  104;    0
   16;    7;   11;30423;   30;30480;    6;    1; 3327; 2415;  486; 3521;  220; 3844;11718;  138;    0
   16;    8;   11;30426;   30;30480;    6;    1; 2016; 1439;  255; 2075;  112; 2309;11825;  138;    4
   16;    9;   11;30429;   30;30480;    6;    1;    1;    1;    1;    1;    1;    1;    0;    0;    4
   16;   10;   11;30432;   30;30480;    6;    1;    1;    1;    1;    1;    1;    1;    0;    0;    4
   16;   11;   11;30435;   30;30480;    6;    1;    1;    1;    1;    1;    1;    1;    0;    0;    4
   15;    1;    2;30414;    1;    0;    0; 1024;    1;    1;    1;    1;    1;    1;    0;    0;    4
   15;    2;    2;30417;    1;    0;    0; 1024;    1;    1;    1;    1;    1;    1;    0;    0;    4
   16;    1;   12;32034;   33;32110;    7;    1; 1805; 1340;  568; 1378;  224; 1928;10468;  590;    0
   16;    2;   12;32037;   33;32110;    7;    1; 2899; 2160;  998; 2248;  462; 3106; 9931;  625;    0
   16;    3;   12;32040;   33;32110;    7;    1; 3905; 2901; 1465; 3149;  700; 4187; 9721;  625;    0
   16;    4;   12;32043;   33;32110;    7;    1; 4561; 3360; 1730; 3741;  808; 4925; 9800;  625;    0
   16;    5;   12;32046;   33;32110;    7;    1; 4448; 3282; 1769; 3767;  808; 4806; 9818;  659;    0
   16;    6;   12;32049;   33;32110;    7;    1; 3624; 2709; 1533; 3157;  730; 3899; 9609;  659;    0
   16;    7;   12;32052;   33;32110;    7;    1; 2443; 1838; 1079; 2229;  479; 2634; 9813;  694;    0
   16;    8;   12;32055;   33;32110;    7;    1; 1374; 1038;  585; 1249;  237; 1461;10128;  694;    0
   16;    9;   12;32058;   33;32110;    7;    1;  562;  448;  276;  560;  129;  568; 9620;  694;    4
   16;   10;   12;32061;   33;32110;    7;    1;    1;    1;    1;    1;    1;    1;    0;    0;    4
   16;   11;   12;32064;   33;32110;    7;    1;    1;    1;    1;    1;    1;    1;    0;    0;    4
   16;   12;   12;32067;   33;32110;    7;    1;    1;    1;    1;    1;    1;    1;    0;    0;    4
   16;    1;   11;33483;   30;33558;    6;    1;    1;    1;    1;    1;    1;    1;    0;    0;    0
   16;    2;   11;33486;   30;33558;    6;    1; 2378; 1674;  438; 1518;  112; 2556;11577;  451;    0
   16;    3;   11;33489;   30;33558;    6;    1; 3555; 2521;  697; 2411;  237; 3807;11271;  416;    0
   16;    4;   11;33492;   30;33558;    6;    1; 4596; 3241;  977; 3440;  432; 4975;10930;  347;    0
   16;    5;   11;33495;   30;33558;    6;    1; 4992; 3538; 1055; 4047;  471; 5429;11045;  312;    0
   16;    6;   11;33498;   30;33558;    6;    1; 4788; 3403; 1005; 4184;  453; 5268;11146;  277;    0
   16;    7;   11;33501;   30;33558;    6;    1; 3986; 2837;  827; 3740;  419; 4430;11099;  243;    0
   16;    8;   11;33504;   30;33558;    6;    1; 2677; 1935;  532; 2702;  216; 3001;11500;  243;    4
   16;    9;   11;33507;   30;33558;    6;    1;    1;    1;    1;    1;    1;    1;    0;    0;    4
   16;   10;   11;33510;   30;33558;    6;    1;    1;    1;    1;    1;    1;    1;    0;    0;    4
   16;   11;   11;33513;   30;33558;    6;    1;    1;    1;    1;    1;    1;    1;    0;    0;    4
   17;    1;   10;33489;   27;33562;    5;    1; 1658; 1172;  412;  892;  133; 1704;10636;  763;    0
   17;    2;   10;33492;   27;33562;    5;    1; 2252; 1596;  534; 1257;  173; 2361;10779;  659;    0
   17;    3;   10;33495;   27;33562;    5;    1; 2626; 1852;  604; 1575;  195; 2766;10952;  590;    0
   17;    4;   10;33498;   27;33562;    5;    1; 2566; 1824;  574; 1627;  186; 2724;11070;  555;    0
   17;    5;   10;33501;   27;33562;    5;    1; 2136; 1527;  474; 1425;  177; 2258;10947;  486;    0
   17;    6;   10;33504;   27;33562;    5;    1; 1501; 1094;  354; 1072;  142; 1574;10844;  451;    0
   17;    7;   10;33507;   27;33562;    5;    1;  851;  638;  232;  632;  106;  880;10403;  486;    4
   17;    8;   10;33510;   27;33562;    5;    1;    1;    1;    1;    1;    1;    1;    0;    0;    4
   17;    9;   10;33513;   27;33562;    5;    1;    1;    1;    1;    1;    1;    1;    0;    0;    4
   17;   10;   10;33516;   27;33562;    5;    1;    1;    1;    1;    1;    1;    1;    0;    0;    4
   16;    1;   12;34983;   33;35059;    7;    1; 1612; 1145;  362;  921;  116; 1676;10925;  625;    0
   16;    2;   12;34986;   33;35059;    7;    1; 2628; 1871;  660; 1503;  198; 2694;10853;  729;    0
   16;    3;   12;34989;   33;35059;    7;    1; 3814; 2732; 1063; 2274;  458; 3912; 9982;  659;    0
   16;    4;   12;34992;   33;35059;    7;    1; 4712; 3361; 1372; 2893;  536; 4865;10184;  729;    0
   16;    5;   12;34995;   33;35059;    7;    1; 4917; 3532; 1450; 3155;  570; 5108;10241;  694;    0
   16;    6;   12;34998;   33;35059;    7;    1; 4445; 3200; 1338; 3005;  531; 4645;10291;  659;    0
   16;    7;   12;35001;   33;35059;    7;    1; 3381; 2439; 1023; 2432;  445; 3550;10212;  590;    0
   16;    8;   12;35004;   33;35059;    7;    1; 2138; 1549;  594; 1600;  172; 2240;11156;  590;    0
   16;    9;   12;35007;   33;35059;    7;    1; 1111;  827;  302;  906;  108; 1172;11009;  486;    4
   16;   10;   12;35010;   33;35059;    7;    1;    1;    1;    1;    1;    1;    1;    0;    0;    4
   16;   11;   12;35013;   33;35059;    7;    1;    1;    1;    1;    1;    1;    1;    0;    0;    4
   16;   12;   12;35016;   33;35059;    7;    1;    1;    1;    1;    1;    1;    1;    0;    0;    4
   16;    1;   11;39105;   30;39180;    6;    1;    1;    1;    1;    1;    1;    1;    0;    0;    0
   16;    2;   11;39108;   30;39180;    6;    1; 2104; 1494;  443; 1389;  125; 2341;11375;  520;    0
   16;    3;   11;39111;   30;39180;    6;    1; 2935; 2082;  618; 2004;  172; 3321;11427;  486;    0
   16;    4;   11;39114;   30;39180;    6;    1; 3539; 2491;  752; 2559;  246; 4105;11298;  451;    0
   16;    5;   11;39117;   30;39180;    6;    1; 3607; 2548;  770; 2792;  255; 4215;11358;  416;    0
   16;    6;   11;39120;   30;39180;    6;    1; 3217; 2277;  655; 2664;  216; 3825;11486;  347;    0
   16;    7;   11;39123;   30;39180;    6;    1; 2531; 1798;  491; 2252;  172; 3033;11545;  312;    0
   16;    8;   11;39126;   30;39180;    6;    1; 1710; 1227;  324; 1631;  129; 2038;11511;  243;    4
   16;    9;   11;39129;   30;39180;    6;    1;    1;    1;    1;    1;    1;    1;    0;    0;    4
   16;   10;   11;39132;   30;39180;    6;    1;    1;    1;    1;    1;    1;    1;    0;    0;    4
   16;   11;   11;39135;   30;39180;    6;    1;    1;    1;    1;    1;    1;    1;    0;    0;    4
   17;    1;   10;39111;   27;39184;    5;    1;    1;    1;    1;    1;    1;    1;    0;    0;    0
   17;    2;   10;39114;   27;39184;    5;    1; 2181; 1519;  337; 1665;  133; 2459;11501;  243;    0
   17;    3;   10;39117;   27;39184;    5;    1; 2764; 1934;  454; 2226;  190; 3157;11433;  243;    0
   17;    4;   10;39120;   27;39184;    5;    1; 3024; 2126;  517; 2516;  217; 3465;11421;  243;    0
   17;    5;   10;39123;   27;39184;    5;    1; 2868; 2016;  510; 2497;  222; 3302;11388;  243;    0
   17;    6;   10;39126;   27;39184;    5;    1; 2255; 1607;  430; 2067;  190; 2589;11350;  243;    0
   17;    7;   10;39129;   27;39184;    5;    1; 1462; 1061;  277; 1398;  106; 1644;11552;  243;    4
   17;    8;   10;39132;   27;39184;    5;    1;    1;    1;    1;    1;    1;    1;    0;    0;    4
   17;    9;   10;39135;   27;39184;    5;    1;    1;    1;    1;    1;    1;    1;    0;    0;    4
   17;   10;   10;39138;   27;39184;    5;    1;    1;    1;    1;    1;    1;    1;    0;    0;    4
   16;    1;   10;40554;   27;40627;    4;    1;    1;    1;    1;    1;    1;    1;    0;    0;    4
   16;    2;   10;40557;   27;40627;    4;    1;    1;    1;    1;    1;    1;    1;    0;    0;    0
   16;    3;   10;40560;   27;40627;    4;    1; 4040; 2880;  527; 3856;  224; 4682;11773;  173;    0
   16;    4;   10;40563;   27;40627;    4;    1; 4599; 3294;  656; 4616;  276; 5314;11752;  173;    0
   16;    5;   10;40566;   27;40627;    4;    1; 4377; 3165;  653; 4586;  294; 5090;11698;  173;    0
   16;    6;   10;40569;   27;40627;    4;    1; 3467; 2542;  567; 3741;  289; 4013;11534;  138;    0
   16;    7;   10;40572;   27;40627;    4;    1; 2182; 1631;  370; 2483;  172; 2533;11634;  173;    4
   16;    8;   10;40575;   27;40627;    4;    1;    1;    1;    1;    1;    1;    1;    0;    0;    4
   16;    9;   10;40578;   27;40627;    4;    1;    1;    1;    1;    1;    1;    1;    0;    0;    4
   16;   10;   10;40581;   27;40627;    4;    1;    1;    1;    1;    1;    1;    1;    0;    0;    4
   17;    1;    6;41937;    7;    0;    2; 1024;    1;    1;    1;    1;    1;    1;    0;    0;    0
   17;    2;    6;41940;    7;    0;    2; 1024; 1347;  953;  259; 1006;  106; 1495;11182;  347;    0
   17;    3;    6;41943;    7;    0;    2; 1024; 1244;  884;  237; 1000;  102; 1374;11225;  312;    4
   17;    4;    6;41946;    7;    0;    2; 1024;    1;    1;    1;    1;    1;    1;    0;    0;    4
   17;    5;    6;41949;    7;    0;    2; 1024;    1;    1;    1;    1;    1;    1;    0;    0;    4
   17;    6;    6;41952;    7;    0;    2; 1024;    1;    1;    1;    1;    1;    1;    0;    0;    4
   16;    1;   11;41928;   30;42003;    6;    1; 1954; 1403;  506; 1262;  155; 2080;10964;  659;    0
   16;    2;   11;41931;   30;42003;    6;    1; 3141; 2283;  880; 2099;  289; 3307;10778;  659;    0
   16;    3;   11;41934;   30;42003;    6;    1; 4433; 3218; 1325; 3157;  583; 4709;10191;  590;    0
   16;    4;   11;41937;   30;42003;    6;    1; 5180; 3774; 1562; 3949;  661; 5557;10407;  555;    0
   16;    5;   11;41940;   30;42003;    6;    1; 5308; 3887; 1544; 4285;  644; 5754;10621;  486;    0
   16;    6;   11;41943;   30;42003;    6;    1; 4824; 3526; 1345; 4162;  583; 5305;10749;  416;    0
   16;    7;   11;41946;   30;42003;    6;    1; 3603; 2642;  952; 3371;  376; 4013;11105;  381;    0
   16;    8;   11;41949;   30;42003;    6;    1; 2299; 1691;  524; 2226;  159; 2551;11607;  347;    4
   16;    9;   11;41952;   30;42003;    6;    1;    1;    1;    1;    1;    1;    1;    0;    0;    4
   16;   10;   11;41955;   30;42003;    6;    1;    1;    1;    1;    1;    1;    1;    0;    0;    4
   16;   11;   11;41958;   30;42003;    6;    1;    1;    1;    1;    1;    1;    1;    0;    0;    4
   15;    1;    8;43383;   21;43453;    6;    1;    1;    1;    1;    1;    1;    1;    0;    0;    0
   15;    2;    8;43386;   21;43453;    6;    1; 1835; 1257;  330; 1512;  123; 2092;11483;  277;    0
   15;    3;    8;43389;   21;43453;    6;    1; 2266; 1546;  447; 1851;  141; 2590;11547;  347;    0
   15;    4;    8;43392;   21;43453;    6;    1; 2431; 1669;  525; 1950;  165; 2748;11442;  416;    0
   15;    5;    8;43395;   21;43453;    6;    1; 2288; 1583;  549; 1791;  184; 2585;11215;  451;    0
   15;    6;    8;43398;   21;43453;    6;    1; 1870; 1307;  491; 1458;  175; 2086;10999;  486;    0
   15;    7;    8;43401;   21;43453;    6;    1; 1338;  938;  366; 1025;  137; 1435;10829;  520;    0
   15;    8;    8;43404;   21;43453;    6;    1;  824;  593;  240;  642;  113;  844;10299;  486;    0
   16;    1;   14;43380;   39;43459;    9;    1;    1;    1;    1;    1;    1;    1;    0;    0;    0
   16;    2;   14;43383;   39;43459;    9;    1; 2024; 1397;  389; 1471;  103; 2231;11624;  416;    0
   16;    3;   14;43386;   39;43459;    9;    1; 3086; 2138;  640; 2288;  229; 3372;11248;  381;    0
   16;    4;   14;43389;   39;43459;    9;    1; 4156; 2886;  971; 3171;  389; 4572;10966;  416;    0
   16;    5;   14;43392;   39;43459;    9;    1; 4890; 3411; 1254; 3775;  497; 5378;10854;  451;    0
   16;    6;   14;43395;   39;43459;    9;    1; 5217; 3655; 1421; 4004;  570; 5740;10720;  486;    0
   16;    7;   14;43398;   39;43459;    9;    1; 5136; 3600; 1447; 3852;  583; 5626;10608;  520;    0
   16;    8;   14;43401;   39;43459;    9;    1; 4411; 3095; 1277; 3265;  471; 4865;10696;  590;    0
   16;    9;   14;43404;   39;43459;    9;    1; 3281; 2310;  934; 2333;  311; 3555;10833;  625;    0
   16;   10;   14;43407;   39;43459;    9;    1; 2107; 1496;  598; 1470;  185; 2258;10926;  659;    0
   16;   11;   14;43410;   39;43459;    9;    1; 1078;  795;  338;  769;  121; 1136;10533;  694;    4
   16;   12;   14;43413;   39;43459;    9;    1;    1;    1;    1;    1;    1;    1;    0;    0;    4
   16;   13;   14;43416;   39;43459;    9;    1;    1;    1;    1;    1;    1;    1;    0;    0;    4
   16;   14;   14;43419;   39;43459;    9;    1;    1;    1;    1;    1;    1;    1;    0;    0;    4
   17;    1;    7;47472;   18;47541;    5;    1; 1150;  812;  372;  554;  142; 1183; 9296; 1145;    0
   17;    2;    7;47475;   18;47541;    5;    1; 1772; 1254;  624;  893;  270; 1825; 8720; 1180;    0
   17;    3;    7;47478;   18;47541;    5;    1; 2339; 1653;  885; 1223;  359; 2431; 8830; 1250;    0
   17;    4;    7;47481;   18;47541;    5;    1; 2622; 1846; 1050; 1412;  399; 2748; 8967; 1319;    0
   17;    5;    7;47484;   18;47541;    5;    1; 2465; 1732; 1054; 1411;  417; 2561; 8805; 1319;    0
   17;    6;    7;47487;   18;47541;    5;    1; 1939; 1378;  884; 1191;  359; 2016; 8732; 1284;    0
   17;    7;    7;47490;   18;47541;    5;    1; 1288;  916;  607;  810;  226; 1322; 9012; 1354;    0
   16;    1;   12;47472;   33;47548;    7;    1; 1524; 1057;  398; 1057;  129; 1663;10974;  590;    0
   16;    2;   12;47475;   33;47548;    7;    1; 2531; 1754;  740; 1818;  276; 2739;10602;  625;    0
   16;    3;   12;47478;   33;47548;    7;    1; 3595; 2484; 1192; 2697;  505; 3894;10159;  625;    0
   16;    4;   12;47481;   33;47548;    7;    1; 4387; 3030; 1539; 3403;  609; 4797;10263;  659;    0
   16;    5;   12;47484;   33;47548;    7;    1; 4665; 3223; 1703; 3753;  661; 5126;10298;  694;    0
   16;    6;   12;47487;   33;47548;    7;    1; 4281; 2946; 1626; 3611;  626; 4755;10333;  694;    0
   16;    7;   12;47490;   33;47548;    7;    1; 3278; 2275; 1278; 2903;  458; 3647;10527;  694;    0
   16;    8;   12;47493;   33;47548;    7;    1; 2169; 1502;  817; 1982;  276; 2409;10759;  659;    0
   16;    9;   12;47496;   33;47548;    7;    1; 1177;  841;  451; 1177;  172; 1319;10673;  555;    4
   16;   10;   12;47499;   33;47548;    7;    1;    1;    1;    1;    1;    1;    1;    0;    0;    4
   16;   11;   12;47502;   33;47548;    7;    1;    1;    1;    1;    1;    1;    1;    0;    0;    4
   16;   12;   12;47505;   33;47548;    7;    1;    1;    1;    1;    1;    1;    1;    0;    0;    4
   16;    1;   12;49113;   33;49189;    7;    1;    1;    1;    1;    1;    1;    1;    0;    0;    0
   16;    2;   12;49116;   33;49189;    7;    1; 1950; 1401;  404; 1551;  129; 2162;11460;  381;    0
   16;    3;   12;49119;   33;49189;    7;    1; 3027; 2197;  700; 2439;  272; 3303;11105;  381;    0
   16;    4;   12;49122;   33;49189;    7;    1; 4086; 2991; 1058; 3456;  501; 4462;10687;  381;    0
   16;    5;   12;49125;   33;49189;    7;    1; 4666; 3419; 1241; 4083;  570; 5103;10754;  381;    0
   16;    6;   12;49128;   33;49189;    7;    1; 4700; 3452; 1252; 4198;  575; 5140;10787;  381;    0
   16;    7;   12;49131;   33;49189;    7;    1; 4246; 3132; 1131; 3846;  544; 4654;10731;  347;    0
   16;    8;   12;49134;   33;49189;    7;    1; 3245; 2376;  840; 3034;  376; 3592;10950;  347;    0
   16;    9;   12;49137;   33;49189;    7;    1; 2125; 1564;  470; 1940;  155; 2354;11501;  347;    4
   16;   10;   12;49140;   33;49189;    7;    1;    1;    1;    1;    1;    1;    1;    0;    0;    4
   16;   11;   12;49143;   33;49189;    7;    1;    1;    1;    1;    1;    1;    1;    0;    0;    4
   16;   12;   12;49146;   33;49189;    7;    1;    1;    1;    1;    1;    1;    1;    0;    0;    4
   17;    1;   10;49122;   27;49195;    5;    1; 1452; 1020;  325;  993;  128; 1611;10888;  451;    0
   17;    2;   10;49125;   27;49195;    5;    1; 1960; 1381;  429; 1374;  150; 2179;11135;  451;    0
   17;    3;   10;49128;   27;49195;    5;    1; 2327; 1650;  507; 1676;  177; 2594;11179;  451;    0
   17;    4;   10;49131;   27;49195;    5;    1; 2393; 1710;  535; 1776;  190; 2668;11162;  451;    0
   17;    5;   10;49134;   27;49195;    5;    1; 2085; 1497;  490; 1610;  177; 2314;11125;  451;    0
   17;    6;   10;49137;   27;49195;    5;    1; 1549; 1129;  392; 1230;  142; 1667;11056;  451;    0
   17;    7;   10;49140;   27;49195;    5;    1;  955;  713;  270;  789;  111; 1010;10741;  486;    4
   17;    8;   10;49143;   27;49195;    5;    1;    1;    1;    1;    1;    1;    1;    0;    0;    4
   17;    9;   10;49146;   27;49195;    5;    1;    1;    1;    1;    1;    1;    1;    0;    0;    4
   17;   10;   10;49149;   27;49195;    5;    1;    1;    1;    1;    1;    1;    1;    0;    0;    4
