   16;    1;   10;42547;   27;42620;    5;    1;    1;    1;    1;    1;    1;    1;    0;    0;    0
   16;    2;   10;42550;   27;42620;    5;    1; 2355; 1676;  286; 2122;  129; 2666;11740;  138;    0
   16;    3;   10;42553;   27;42620;    5;    1; 3326; 2369;  494; 3121;  294; 3770;11322;  138;    0
   16;    4;   10;42556;   27;42620;    5;    1; 3985; 2845;  596; 3854;  324; 4558;11449;  138;    0
   16;    5;   10;42559;   27;42620;    5;    1; 4063; 2923;  619; 4039;  332; 4654;11472;  138;    0
   16;    6;   10;42562;   27;42620;    5;    1; 3553; 2570;  574; 3620;  328; 4091;11367;  138;    0
   16;    7;   10;42565;   27;42620;    5;    1; 2553; 1855;  420; 2719;  194; 2932;11608;  173;    4
   16;    8;   10;42568;   27;42620;    5;    1;    1;    1;    1;    1;    1;    1;    0;    0;    4
   16;    9;   10;42571;   27;42620;    5;    1;    1;    1;    1;    1;    1;    1;    0;    0;    4
   16;   10;   10;42574;   27;42620;    5;    1;    1;    1;    1;    1;    1;    1;    0;    0;    4
   17;    1;    9;42553;   24;42625;    4;    1; 1591; 1133;  414; 1229;  128; 1755;11198;  520;    0
   17;    2;    9;42556;   24;42625;    4;    1; 2081; 1490;  540; 1636;  155; 2305;11315;  520;    0
   17;    3;    9;42559;   24;42625;    4;    1; 2320; 1669;  610; 1870;  177; 2589;11316;  520;    0
   17;    4;    9;42562;   24;42625;    4;    1; 2148; 1557;  570; 1783;  168; 2398;11322;  486;    0
   17;    5;    9;42565;   24;42625;    4;    1; 1669; 1222;  452; 1429;  142; 1830;11257;  486;    0
   17;    6;    9;42568;   24;42625;    4;    1; 1086;  804;  302;  950;  111; 1164;11039;  451;    4
   17;    7;    9;42571;   24;42625;    4;    1;    1;    1;    1;    1;    1;    1;    0;    0;    4
   17;    8;    9;42574;   24;42625;    4;    1;    1;    1;    1;    1;    1;    1;    0;    0;    4
   17;    9;    9;42577;   24;42625;    4;    1;    1;    1;    1;    1;    1;    1;    0;    0;    4
   16;    1;   11;44536;   30;44611;    5;    1;    1;    1;    1;    1;    1;    1;    0;    0;    4
   16;    2;   11;44539;   30;44611;    5;    1;    1;    1;    1;    1;    1;    1;    0;    0;    0
   16;    3;   11;44542;   30;44611;    5;    1; 3322; 2246;  305; 3141;  198; 3779;11712;   69;    0
   16;    4;   11;44545;   30;44611;    5;    1; 4094; 2769;  465; 4055;  319; 4700;11516;   69;    0
   16;    5;   11;44548;   30;44611;    5;    1; 4425; 2974;  506; 4454;  324; 5076;11590;   69;    0
   16;    6;   11;44551;   30;44611;    5;    1; 4343; 2927;  522; 4408;  319; 4998;11595;   69;    0
   16;    7;   11;44554;   30;44611;    5;    1; 3778; 2515;  461; 3933;  298; 4412;11552;   69;    0
   16;    8;   11;44557;   30;44611;    5;    1; 2732; 1854;  304; 2907;  134; 3184;11923;  104;    4
   16;    9;   11;44560;   30;44611;    5;    1;    1;    1;    1;    1;    1;    1;    0;    0;    4
   16;   10;   11;44563;   30;44611;    5;    1;    1;    1;    1;    1;    1;    1;    0;    0;    4
   16;   11;   11;44566;   30;44611;    5;    1;    1;    1;    1;    1;    1;    1;    0;    0;    4
   15;    1;    9;44539;   24;44611;    4;    1;    1;    1;    1;    1;    1;    1;    0;    0;    0
   15;    2;    9;44542;   24;44611;    4;    1; 2120; 1476;  176; 2126;  127; 2489;11753;   34;    0
   15;    3;    9;44545;   24;44611;    4;    1; 2510; 1734;  218; 2616;  127; 2952;11893;   69;    0
   15;    4;    9;44548;   24;44611;    4;    1; 2539; 1751;  225; 2716;  146; 2992;11828;   34;    0
   15;    5;    9;44551;   24;44611;    4;    1; 2199; 1522;  222; 2427;  146; 2601;11748;   34;    0
   15;    6;    9;44554;   24;44611;    4;    1; 1603; 1114;  182; 1816;  132; 1873;11591;   34;    4
   15;    7;    9;44557;   24;44611;    4;    1;    1;    1;    1;    1;    1;    1;    0;    0;    4
   15;    8;    9;44560;   24;44611;    4;    1;    1;    1;    1;    1;    1;    1;    0;    0;    4
   15;    9;    9;44563;   24;44611;    4;    1;    1;    1;    1;    1;    1;    1;    0;    0;    4
   15;    1;    7;46300;    9;    0;    2; 1024;    1;    1;    1;    1;    1;    1;    0;    0;    0
   15;    2;    7;46303;    9;    0;    2; 1024; 1710; 1259;  225; 1314;  104; 1878;11510;  208;    4
   15;    3;    7;46306;    9;    0;    2; 1024;    1;    1;    1;    1;    1;    1;    0;    0;    0
   15;    4;    7;46309;    9;    0;    2; 1024; 1943; 1417;  234; 1655;  104; 2198;11714;  173;    4
   15;    5;    7;46312;    9;    0;    2; 1024;    1;    1;    1;    1;    1;    1;    0;    0;    4
   15;    6;    7;46315;    9;    0;    2; 1024;    1;    1;    1;    1;    1;    1;    0;    0;    4
   15;    7;    7;46318;    9;    0;    2; 1024;    1;    1;    1;    1;    1;    1;    0;    0;    4
   16;    1;   12;46294;   33;46370;    6;    1;    1;    1;    1;    1;    1;    1;    0;    0;    4
   16;    2;   12;46297;   33;46370;    6;    1;    1;    1;    1;    1;    1;    1;    0;    0;    0
   16;    3;   12;46300;   33;46370;    6;    1; 3378; 2556;  412; 2572;  142; 3601;11809;  208;    0
   16;    4;   12;46303;   33;46370;    6;    1; 4706; 3536;  639; 3739;  350; 5049;11329;  173;    0
   16;    5;   12;46306;   33;46370;    6;    1; 5555; 4168;  804; 4702;  462; 5997;11271;  138;    0
   16;    6;   12;46309;   33;46370;    6;    1; 5888; 4403;  811; 5248;  479; 6441;11359;  138;    0
   16;    7;   12;46312;   33;46370;    6;    1; 5779; 4299;  783; 5399;  462; 6386;11430;  104;    0
   16;    8;   12;46315;   33;46370;    6;    1; 5148; 3785;  621; 5090;  358; 5823;11620;  104;    0
   16;    9;   12;46318;   33;46370;    6;    1; 4047; 2952;  344; 4194;  129; 4673;12115;  104;    4
   16;   10;   12;46321;   33;46370;    6;    1;    1;    1;    1;    1;    1;    1;    0;    0;    4
   16;   11;   12;46324;   33;46370;    6;    1;    1;    1;    1;    1;    1;    1;    0;    0;    4
   16;   12;   12;46327;   33;46370;    6;    1;    1;    1;    1;    1;    1;    1;    0;    0;    4
   15;    1;   11;47620;   30;47695;    6;    1; 1891; 1360;  276; 1866;  170; 2132;11361;  104;    0
   15;    2;   11;47623;   30;47695;    6;    1; 2724; 1930;  404; 2798;  274; 3059;11275;  104;    0
   15;    3;   11;47626;   30;47695;    6;    1; 3303; 2326;  487; 3537;  331; 3736;11330;   69;    0
   15;    4;   11;47629;   30;47695;    6;    1; 3438; 2395;  531; 3771;  345; 3878;11356;  104;    0
   15;    5;   11;47632;   30;47695;    6;    1; 3085; 2129;  491; 3486;  340; 3507;11280;   69;    0
   15;    6;   11;47635;   30;47695;    6;    1; 2363; 1614;  357; 2751;  227; 2687;11468;  104;    0
   15;    7;   11;47638;   30;47695;    6;    1; 1569; 1079;  222; 1856;  146; 1791;11516;   69;    0
   15;    8;   11;47641;   30;47695;    6;    1;  944;  662;  155; 1105;  108; 1053;11278;   69;    4
   15;    9;   11;47644;   30;47695;    6;    1;    1;    1;    1;    1;    1;    1;    0;    0;    4
   15;   10;   11;47647;   30;47695;    6;    1;    1;    1;    1;    1;    1;    1;    0;    0;    4
   15;   11;   11;47650;   30;47695;    6;    1;    1;    1;    1;    1;    1;    1;    0;    0;    4
   16;    1;   12;47620;   33;47696;    7;    1;    1;    1;    1;    1;    1;    1;    0;    0;    0
   16;    2;   12;47623;   33;47696;    7;    1; 1895; 1262;  165; 1896;  108; 2199;11787;   34;    0
   16;    3;   12;47626;   33;47696;    7;    1; 2857; 1910;  302; 2916;  220; 3285;11556;   34;    0
   16;    4;   12;47629;   33;47696;    7;    1; 3730; 2490;  514; 3940;  402; 4288;11224;   34;    0
   16;    5;   12;47632;   33;47696;    7;    1; 4196; 2784;  630; 4582;  492; 4838;11157;   69;    0
   16;    6;   12;47635;   33;47696;    7;    1; 4299; 2849;  645; 4783;  484; 4975;11235;   69;    0
   16;    7;   12;47638;   33;47696;    7;    1; 3922; 2581;  582; 4479;  432; 4609;11294;   69;    0
   16;    8;   12;47641;   33;47696;    7;    1; 2947; 1959;  391; 3502;  268; 3518;11543;   69;    0
   16;    9;   12;47644;   33;47696;    7;    1; 1947; 1309;  192; 2311;  103; 2327;11942;   69;    4
   16;   10;   12;47647;   33;47696;    7;    1;    1;    1;    1;    1;    1;    1;    0;    0;    4
   16;   11;   12;47650;   33;47696;    7;    1;    1;    1;    1;    1;    1;    1;    0;    0;    4
   16;   12;   12;47653;   33;47696;    7;    1;    1;    1;    1;    1;    1;    1;    0;    0;    4
   16;    1;   11;49042;   30;49117;    6;    1;    1;    1;    1;    1;    1;    1;    0;    0;    0
   16;    2;   11;49045;   30;49117;    6;    1; 2325; 1666;  237; 2337;  112; 2616;11900;  104;    0
   16;    3;   11;49048;   30;49117;    6;    1; 3351; 2408;  397; 3439;  259; 3752;11558;   69;    0
   16;    4;   11;49051;   30;49117;    6;    1; 4211; 3019;  511; 4413;  328; 4787;11570;   69;    0
   16;    5;   11;49054;   30;49117;    6;    1; 4694; 3361;  519; 4991;  354; 5374;11613;   69;    0
   16;    6;   11;49057;   30;49117;    6;    1; 4780; 3435;  500; 5142;  354; 5502;11639;   34;    0
   16;    7;   11;49060;   30;49117;    6;    1; 4439; 3173;  423; 4836;  298; 5172;11729;   34;    0
   16;    8;   11;49063;   30;49117;    6;    1; 3682; 2614;  266; 4075;  147; 4343;12049;   34;    4
   16;    9;   11;49066;   30;49117;    6;    1;    1;    1;    1;    1;    1;    1;    0;    0;    4
   16;   10;   11;49069;   30;49117;    6;    1;    1;    1;    1;    1;    1;    1;    0;    0;    4
   16;   11;   11;49072;   30;49117;    6;    1;    1;    1;    1;    1;    1;    1;    0;    0;    4
   17;    1;    9;49042;   24;49114;    4;    1;    1;    1;    1;    1;    1;    1;    0;    0;    0
   17;    2;    9;49045;   24;49114;    4;    1; 1731; 1316;  260; 1742;  115; 1979;11674;  173;    0
   17;    3;    9;49048;   24;49114;    4;    1; 2354; 1757;  302; 2408;  146; 2724;11742;  138;    0
   17;    4;    9;49051;   24;49114;    4;    1; 2763; 2025;  307; 2892;  155; 3213;11830;  104;    0
   17;    5;    9;49054;   24;49114;    4;    1; 2825; 2048;  267; 3000;  155; 3292;11854;   69;    0
   17;    6;    9;49057;   24;49114;    4;    1; 2541; 1818;  215; 2745;  137; 2980;11876;   34;    4
   17;    7;    9;49060;   24;49114;    4;    1;    1;    1;    1;    1;    1;    1;    0;    0;    4
   17;    8;    9;49063;   24;49114;    4;    1;    1;    1;    1;    1;    1;    1;    0;    0;    4
   17;    9;    9;49066;   24;49114;    4;    1;    1;    1;    1;    1;    1;    1;    0;    0;    4
   17;    1;    2;52936;    1;    0;    0; 1024;    1;    1;    1;    1;    1;    1;    0;    0;    4
   17;    2;    2;52939;    1;    0;    0; 1024;    1;    1;    1;    1;    1;    1;    0;    0;    4
   16;    1;   12;52933;   33;53009;    6;    1;    1;    1;    1;    1;    1;    1;    0;    0;    4
   16;    2;   12;52936;   33;53009;    6;    1;    1;    1;    1;    1;    1;    1;    0;    0;    0
   16;    3;   12;52939;   33;53009;    6;    1; 3393; 2357;  446; 2852;  138; 3724;11895;  208;    0
   16;    4;   12;52942;   33;53009;    6;    1; 4489; 3126;  744; 3786;  324; 4939;11430;  243;    0
   16;    5;   12;52945;   33;53009;    6;    1; 5133; 3600;  995; 4494;  471; 5635;11189;  243;    0
   16;    6;   12;52948;   33;53009;    6;    1; 5216; 3663; 1027; 4634;  484; 5740;11194;  243;    0
   16;    7;   12;52951;   33;53009;    6;    1; 4830; 3396;  956; 4382;  462; 5323;11182;  243;    0
   16;    8;   12;52954;   33;53009;    6;    1; 4014; 2827;  783; 3761;  402; 4471;11163;  208;    0
   16;    9;   12;52957;   33;53009;    6;    1; 2799; 1976;  469; 2768;  203; 3133;11583;  208;    4
   16;   10;   12;52960;   33;53009;    6;    1;    1;    1;    1;    1;    1;    1;    0;    0;    4
   16;   11;   12;52963;   33;53009;    6;    1;    1;    1;    1;    1;    1;    1;    0;    0;    4
   16;   12;   12;52966;   33;53009;    6;    1;    1;    1;    1;    1;    1;    1;    0;    0;    4
   17;    1;    7;52942;   18;53011;    2;    1;    1;    1;    1;    1;    1;    1;    0;    0;    0
   17;    2;    7;52945;   18;53011;    2;    1; 2516; 1762;  297; 2418;  106; 2892;11952;  138;    0
   17;    3;    7;52948;   18;53011;    2;    1; 2497; 1753;  309; 2447;  111; 2859;11932;  173;    0
   17;    4;    7;52951;   18;53011;    2;    1; 2197; 1534;  287; 2193;  106; 2524;11895;  173;    4
   17;    5;    7;52954;   18;53011;    2;    1;    1;    1;    1;    1;    1;    1;    0;    0;    4
   17;    6;    7;52957;   18;53011;    2;    1;    1;    1;    1;    1;    1;    1;    0;    0;    4
   17;    7;    7;52960;   18;53011;    2;    1;    1;    1;    1;    1;    1;    1;    0;    0;    4
   15;    1;    2;52945;    1;    0;    0; 1024;    1;    1;    1;    1;    1;    1;    0;    0;    4
   15;    2;    2;52948;    1;    0;    0; 1024;    1;    1;    1;    1;    1;    1;    0;    0;    4
   16;    1;   11;54499;   30;54574;    5;    1;    1;    1;    1;    1;    1;    1;    0;    0;    4
   16;    2;   11;54502;   30;54574;    5;    1;    1;    1;    1;    1;    1;    1;    0;    0;    0
   16;    3;   11;54505;   30;54574;    5;    1; 3123; 2183;  390; 2767;  220; 3532;11506;  138;    0
   16;    4;   11;54508;   30;54574;    5;    1; 4151; 2925;  608; 3855;  380; 4700;11267;  104;    0
   16;    5;   11;54511;   30;54574;    5;    1; 4676; 3321;  676; 4490;  393; 5328;11405;  138;    0
   16;    6;   11;54514;   30;54574;    5;    1; 4623; 3294;  679; 4497;  402; 5273;11382;  138;    0
   16;    7;   11;54517;   30;54574;    5;    1; 3979; 2824;  597; 3940;  358; 4563;11364;  138;    0
   16;    8;   11;54520;   30;54574;    5;    1; 2802; 2000;  390; 2858;  181; 3225;11708;  138;    4
   16;    9;   11;54523;   30;54574;    5;    1;    1;    1;    1;    1;    1;    1;    0;    0;    4
   16;   10;   11;54526;   30;54574;    5;    1;    1;    1;    1;    1;    1;    1;    0;    0;    4
   16;   11;   11;54529;   30;54574;    5;    1;    1;    1;    1;    1;    1;    1;    0;    0;    4
   17;    1;    9;54502;   24;54574;    3;    1;    1;    1;    1;    1;    1;    1;    0;    0;    4
   17;    2;    9;54505;   24;54574;    3;    1;    1;    1;    1;    1;    1;    1;    0;    0;    0
   17;    3;    9;54508;   24;54574;    3;    1; 2638; 1764;  184; 2598;  115; 3167;11946;   34;    0
   17;    4;    9;54511;   24;54574;    3;    1; 3072; 2064;  207; 3113;  124; 3688;12002;   34;    0
   17;    5;    9;54514;   24;54574;    3;    1; 3111; 2100;  214; 3241;  119; 3744;12041;   34;    0
   17;    6;    9;54517;   24;54574;    3;    1; 2734; 1846;  197; 2914;  124; 3297;11968;   34;    4
   17;    7;    9;54520;   24;54574;    3;    1;    1;    1;    1;    1;    1;    1;    0;    0;    4
   17;    8;    9;54523;   24;54574;    3;    1;    1;    1;    1;    1;    1;    1;    0;    0;    4
   17;    9;    9;54526;   24;54574;    3;    1;    1;    1;    1;    1;    1;    1;    0;    0;    4
   16;    1;   10;56050;   27;56123;    5;    1; 2006; 1471;  275; 1349;  172; 2130;10906;  173;    0
   16;    2;   10;56053;   27;56123;    5;    1; 3246; 2392;  585; 2336;  428; 3390;10209;  138;    0
   16;    3;   10;56056;   27;56123;    5;    1; 4303; 3157;  823; 3244;  609; 4526;10153;  138;    0
   16;    4;   10;56059;   27;56123;    5;    1; 4779; 3493;  899; 3779;  639; 5090;10386;  138;    0
   16;    5;   10;56062;   27;56123;    5;    1; 4405; 3204;  856; 3712;  639; 4709;10348;  138;    0
   16;    6;   10;56065;   27;56123;    5;    1; 3228; 2365;  632; 2939;  445; 3500;10607;  138;    0
   16;    7;   10;56068;   27;56123;    5;    1; 1922; 1403;  299; 1852;  181; 2162;11278;  138;    4
   16;    8;   10;56071;   27;56123;    5;    1;    1;    1;    1;    1;    1;    1;    0;    0;    4
   16;    9;   10;56074;   27;56123;    5;    1;    1;    1;    1;    1;    1;    1;    0;    0;    4
   16;   10;   10;56077;   27;56123;    5;    1;    1;    1;    1;    1;    1;    1;    0;    0;    4
   15;    1;    8;57451;   21;57521;    3;    1; 1606; 1159;  189; 1534;  118; 1852;11538;  104;    0
   15;    2;    8;57454;   21;57521;    3;    1; 2103; 1509;  234; 2056;  137; 2427;11667;  104;    0
   15;    3;    8;57457;   21;57521;    3;    1; 2188; 1585;  245; 2223;  151; 2555;11650;   69;    0
   15;    4;    8;57460;   21;57521;    3;    1; 1817; 1345;  247; 1895;  156; 2092;11470;  104;    0
   15;    5;    8;57463;   21;57521;    3;    1; 1218;  922;  193; 1275;  127; 1364;11254;  104;    4
   15;    6;    8;57466;   21;57521;    3;    1;    1;    1;    1;    1;    1;    1;    0;    0;    4
   15;    7;    8;57469;   21;57521;    3;    1;    1;    1;    1;    1;    1;    1;    0;    0;    4
   15;    8;    8;57472;   21;57521;    3;    1;    1;    1;    1;    1;    1;    1;    0;    0;    4
   16;    1;    9;57451;   24;57523;    4;    1; 1921; 1377;  208; 1688;  121; 2194;11603;  104;    0
   16;    2;    9;57454;   24;57523;    4;    1; 2872; 2052;  326; 2583;  155; 3275;11749;  138;    0
   16;    3;    9;57457;   24;57523;    4;    1; 3589; 2566;  409; 3311;  177; 4128;11831;  138;    0
   16;    4;    9;57460;   24;57523;    4;    1; 3701; 2656;  459; 3480;  185; 4260;11835;  138;    0
   16;    5;    9;57463;   24;57523;    4;    1; 3066; 2230;  438; 2935;  159; 3504;11822;  208;    0
   16;    6;    9;57466;   24;57523;    4;    1; 2096; 1551;  330; 1996;  108; 2368;11823;  243;    4
   16;    7;    9;57469;   24;57523;    4;    1;    1;    1;    1;    1;    1;    1;    0;    0;    4
   16;    8;    9;57472;   24;57523;    4;    1;    1;    1;    1;    1;    1;    1;    0;    0;    4
   16;    9;    9;57475;   24;57523;    4;    1;    1;    1;    1;    1;    1;    1;    0;    0;    4
   16;    1;   12;59041;   33;59117;    6;    1;    1;    1;    1;    1;    1;    1;    0;    0;    4
   16;    2;   12;59044;   33;59117;    6;    1;    1;    1;    1;    1;    1;    1;    0;    0;    0
   16;    3;   12;59047;   33;59117;    6;    1; 4259; 3105;  428; 4006;  319; 4673;11504;   34;    0
   16;    4;   12;59050;   33;59117;    6;    1; 5362; 3942;  707; 5259;  549; 5910;11195;   69;    0
   16;    5;   12;59053;   33;59117;    6;    1; 5881; 4350;  805; 5872;  596; 6464;11231;   69;    0
   16;    6;   12;59056;   33;59117;    6;    1; 5851; 4348;  827; 5932;  613; 6451;11208;   69;    0
   16;    7;   12;59059;   33;59117;    6;    1; 5187; 3850;  749; 5382;  592; 5754;11125;   34;    0
   16;    8;   12;59062;   33;59117;    6;    1; 3832; 2847;  504; 4118;  337; 4293;11477;   69;    0
   16;    9;   12;59065;   33;59117;    6;    1; 2463; 1811;  216; 2626;  129; 2749;11885;   69;    4
   16;   10;   12;59068;   33;59117;    6;    1;    1;    1;    1;    1;    1;    1;    0;    0;    4
   16;   11;   12;59071;   33;59117;    6;    1;    1;    1;    1;    1;    1;    1;    0;    0;    4
   16;   12;   12;59074;   33;59117;    6;    1;    1;    1;    1;    1;    1;    1;    0;    0;    4
   17;    1;   10;59041;   27;59114;    4;    1;    1;    1;    1;    1;    1;    1;    0;    0;    4
   17;    2;   10;59044;   27;59114;    4;    1;    1;    1;    1;    1;    1;    1;    0;    0;    0
   17;    3;   10;59047;   27;59114;    4;    1; 2476; 1786;  180; 2349;  119; 2841;11866;   34;    0
   17;    4;   10;59050;   27;59114;    4;    1; 2976; 2135;  219; 2894;  142; 3428;11886;   34;    0
   17;    5;   10;59053;   27;59114;    4;    1; 3070; 2199;  224; 3059;  146; 3539;11903;   34;    0
   17;    6;   10;59056;   27;59114;    4;    1; 2720; 1941;  210; 2793;  133; 3162;11904;   34;    0
   17;    7;   10;59059;   27;59114;    4;    1; 2083; 1491;  189; 2191;  137; 2412;11718;   34;    4
   17;    8;   10;59062;   27;59114;    4;    1;    1;    1;    1;    1;    1;    1;    0;    0;    4
   17;    9;   10;59065;   27;59114;    4;    1;    1;    1;    1;    1;    1;    1;    0;    0;    4
   17;   10;   10;59068;   27;59114;    4;    1;    1;    1;    1;    1;    1;    1;    0;    0;    4
   15;    1;    9;59047;   24;59119;    4;    1; 1238;  909;  140; 1149;  108; 1435;11325;   34;    0
   15;    2;    9;59050;   24;59119;    4;    1; 1643; 1183;  173; 1532;  113; 1893;11578;   69;    0
   15;    3;    9;59053;   24;59119;    4;    1; 1849; 1341;  174; 1770;  123; 2163;11631;   34;    0
   15;    4;    9;59056;   24;59119;    4;    1; 1765; 1308;  181; 1754;  137; 2066;11523;   34;    0
   15;    5;    9;59059;   24;59119;    4;    1; 1459; 1093;  182; 1475;  137; 1684;11338;   69;    0
   15;    6;    9;59062;   24;59119;    4;    1; 1032;  783;  155; 1041;  118; 1160;11083;   69;    4
   15;    7;    9;59065;   24;59119;    4;    1;    1;    1;    1;    1;    1;    1;    0;    0;    4
   15;    8;    9;59068;   24;59119;    4;    1;    1;    1;    1;    1;    1;    1;    0;    0;    4
   15;    9;    9;59071;   24;59119;    4;    1;    1;    1;    1;    1;    1;    1;    0;    0;    4
   16;    1;    8;62212;   21;62282;    3;    1; 1680; 1176;  184; 1588;  138; 1947;11413;   34;    0
   16;    2;    8;62215;   21;62282;    3;    1; 2266; 1569;  229; 2188;  147; 2639;11660;   69;    0
   16;    3;    8;62218;   21;62282;    3;    1; 2631; 1803;  247; 2624;  138; 3101;11842;   69;    0
   16;    4;    8;62221;   21;62282;    3;    1; 2585; 1762;  252; 2641;  142; 3046;11827;   69;    0
   16;    5;    8;62224;   21;62282;    3;    1; 2103; 1441;  218; 2199;  129; 2464;11766;   69;    4
   16;    6;    8;62227;   21;62282;    3;    1;    1;    1;    1;    1;    1;    1;    0;    0;    4
   16;    7;    8;62230;   21;62282;    3;    1;    1;    1;    1;    1;    1;    1;    0;    0;    4
   16;    8;    8;62233;   21;62282;    3;    1;    1;    1;    1;    1;    1;    1;    0;    0;    4
   17;    1;    7;62212;   18;62281;    2;    1; 1316;  946;  145; 1150;  106; 1499;11347;   69;    0
   17;    2;    7;62215;   18;62281;    2;    1; 1623; 1150;  162; 1428;  102; 1863;11607;   69;    0
   17;    3;    7;62218;   18;62281;    2;    1; 1690; 1183;  169; 1512;  111; 1937;11582;   69;    0
   17;    4;    7;62221;   18;62281;    2;    1; 1485; 1046;  165; 1346;  111; 1695;11469;   69;    4
   17;    5;    7;62224;   18;62281;    2;    1;    1;    1;    1;    1;    1;    1;    0;    0;    4
   17;    6;    7;62227;   18;62281;    2;    1;    1;    1;    1;    1;    1;    1;    0;    0;    4
   17;    7;    7;62230;   18;62281;    2;    1;    1;    1;    1;    1;    1;    1;    0;    0;    4
   17;    1;    9;  843;   24;  915;    4;    1;    1;    1;    1;    1;    1;    1;    0;    0;    0
   17;    2;    9;  846;   24;  915;    4;    1; 2059; 1444;  157; 2088;  102; 2412;11889;   34;    0
   17;    3;    9;  849;   24;  915;    4;    1; 2577; 1801;  185; 2670;  115; 3032;11961;   34;    0
   17;    4;    9;  852;   24;  915;    4;    1; 2784; 1960;  194; 2960;  124; 3241;11976;   34;    0
   17;    5;    9;  855;   24;  915;    4;    1; 2605; 1857;  202; 2827;  137; 3046;11894;   34;    0
   17;    6;    9;  858;   24;  915;    4;    1; 2117; 1523;  184; 2334;  124; 2445;11835;   34;    4
   17;    7;    9;  861;   24;  915;    4;    1;    1;    1;    1;    1;    1;    1;    0;    0;    4
   17;    8;    9;  864;   24;  915;    4;    1;    1;    1;    1;    1;    1;    1;    0;    0;    4
   17;    9;    9;  867;   24;  915;    4;    1;    1;    1;    1;    1;    1;    1;    0;    0;    4
   16;    1;   12;  840;   33;  916;    7;    1;    1;    1;    1;    1;    1;    1;    0;    0;    0
   16;    2;   12;  843;   33;  916;    7;    1; 2522; 1809;  258; 2544;  108; 2845;11969;  104;    0
   16;    3;   12;  846;   33;  916;    7;    1; 3625; 2605;  490; 3724;  272; 4114;11587;  104;    0
   16;    4;   12;  849;   33;  916;    7;    1; 4467; 3228;  695; 4763;  363; 5094;11547;  138;    0
   16;    5;   12;  852;   33;  916;    7;    1; 4874; 3542;  807; 5337;  380; 5543;11609;  173;    0
   16;    6;   12;  855;   33;  916;    7;    1; 4813; 3499;  864; 5360;  376; 5470;11623;  173;    0
   16;    7;   12;  858;   33;  916;    7;    1; 4115; 3013;  786; 4725;  341; 4723;11597;  208;    0
   16;    8;   12;  861;   33;  916;    7;    1; 2978; 2204;  561; 3495;  194; 3372;11806;  208;    0
   16;    9;   12;  864;   33;  916;    7;    1; 1901; 1404;  337; 2269;  108; 2157;11905;  208;    4
   16;   10;   12;  867;   33;  916;    7;    1;    1;    1;    1;    1;    1;    1;    0;    0;    4
   16;   11;   12;  870;   33;  916;    7;    1;    1;    1;    1;    1;    1;    1;    0;    0;    4
   16;   12;   12;  873;   33;  916;    7;    1;    1;    1;    1;    1;    1;    1;    0;    0;    4
   15;    1;    9; 2394;   24; 2466;    4;    1;    1;    1;    1;    1;    1;    1;    0;    0;    0
   15;    2;    9; 2397;   24; 2466;    4;    1; 1616; 1168;  200; 1320;  104; 1786;11515;  138;    0
   15;    3;    9; 2400;   24; 2466;    4;    1; 2009; 1444;  238; 1730;  108; 2254;11719;  138;    0
   15;    4;    9; 2403;   24; 2466;    4;    1; 2132; 1540;  250; 1931;  118; 2407;11736;  138;    0
   15;    5;    9; 2406;   24; 2466;    4;    1; 1898; 1392;  248; 1822;  113; 2158;11724;  138;    0
   15;    6;    9; 2409;   24; 2466;    4;    1; 1431; 1067;  218; 1430;  104; 1598;11590;  173;    4
   15;    7;    9; 2412;   24; 2466;    4;    1;    1;    1;    1;    1;    1;    1;    0;    0;    4
   15;    8;    9; 2415;   24; 2466;    4;    1;    1;    1;    1;    1;    1;    1;    0;    0;    4
   15;    9;    9; 2418;   24; 2466;    4;    1;    1;    1;    1;    1;    1;    1;    0;    0;    0
   16;    1;   11; 2391;   30; 2466;    5;    1;    1;    1;    1;    1;    1;    1;    0;    0;    4
   16;    2;   11; 2394;   30; 2466;    5;    1;    1;    1;    1;    1;    1;    1;    0;    0;    0
   16;    3;   11; 2397;   30; 2466;    5;    1; 3316; 2417;  621; 2288;  207; 3504;11369;  381;    0
   16;    4;   11; 2400;   30; 2466;    5;    1; 4339; 3167;  860; 3160;  328; 4664;11202;  381;    0
   16;    5;   11; 2403;   30; 2466;    5;    1; 4841; 3530;  917; 3691;  350; 5232;11314;  347;    0
   16;    6;   11; 2406;   30; 2466;    5;    1; 4693; 3421;  847; 3786;  332; 5140;11403;  277;    0
   16;    7;   11; 2409;   30; 2466;    5;    1; 3867; 2835;  686; 3340;  302; 4260;11369;  243;    0
   16;    8;   11; 2412;   30; 2466;    5;    1; 2648; 1947;  428; 2422;  142; 2913;11767;  243;    4
   16;    9;   11; 2415;   30; 2466;    5;    1;    1;    1;    1;    1;    1;    1;    0;    0;    4
   16;   10;   11; 2418;   30; 2466;    5;    1;    1;    1;    1;    1;    1;    1;    0;    0;    4
   16;   11;   11; 2421;   30; 2466;    5;    1;    1;    1;    1;    1;    1;    1;    0;    0;    4
   15;    1;   12; 4083;   33; 4159;    7;    1;    1;    1;    1;    1;    1;    1;    0;    0;    0
   15;    2;   12; 4086;   33; 4159;    7;    1; 2136; 1521;  355; 1571;  132; 2305;11449;  312;    0
   15;    3;   12; 4089;   33; 4159;    7;    1; 3109; 2229;  589; 2378;  250; 3364;11185;  312;    0
   15;    4;   12; 4092;   33; 4159;    7;    1; 3953; 2829;  796; 3170;  373; 4367;11029;  312;    0
   15;    5;   12; 4095;   33; 4159;    7;    1; 4311; 3087;  923; 3578;  440; 4794;10962;  312;    0
   15;    6;   12; 4098;   33; 4159;    7;    1; 4128; 2958;  902; 3569;  449; 4631;10927;  277;    0
   15;    7;   12; 4101;   33; 4159;    7;    1; 3483; 2475;  756; 3111;  383; 3944;10961;  277;    0
   15;    8;   12; 4104;   33; 4159;    7;    1; 2500; 1775;  519; 2314;  274; 2814;11019;  243;    0
   15;    9;   12; 4107;   33; 4159;    7;    1; 1529; 1087;  297; 1447;  141; 1689;11281;  243;    4
   15;   10;   12; 4110;   33; 4159;    7;    1;    1;    1;    1;    1;    1;    1;    0;    0;    4
   15;   11;   12; 4113;   33; 4159;    7;    1;    1;    1;    1;    1;    1;    1;    0;    0;    4
   15;   12;   12; 4116;   33; 4159;    7;    1;    1;    1;    1;    1;    1;    1;    0;    0;    4
   16;    1;   12; 4086;   33; 4162;    6;    1;    1;    1;    1;    1;    1;    1;    0;    0;    4
   16;    2;   12; 4089;   33; 4162;    6;    1;    1;    1;    1;    1;    1;    1;    0;    0;    0
   16;    3;   12; 4092;   33; 4162;    6;    1; 3247; 2277;  425; 2916;  207; 3592;11612;  138;    0
   16;    4;   12; 4095;   33; 4162;    6;    1; 4273; 3028;  698; 4029;  436; 4728;11147;  138;    0
   16;    5;   12; 4098;   33; 4162;    6;    1; 4809; 3419;  877; 4760;  566; 5337;11013;  138;    0
   16;    6;   12; 4101;   33; 4162;    6;    1; 4865; 3463;  890; 4924;  562; 5401;11073;  138;    0
   16;    7;   12; 4104;   33; 4162;    6;    1; 4399; 3136;  818; 4553;  527; 4929;11053;  138;    0
   16;    8;   12; 4107;   33; 4162;    6;    1; 3327; 2386;  621; 3569;  389; 3766;11137;  138;    0
   16;    9;   12; 4110;   33; 4162;    6;    1; 2102; 1516;  336; 2270;  142; 2414;11718;  173;    4
   16;   10;   12; 4113;   33; 4162;    6;    1;    1;    1;    1;    1;    1;    1;    0;    0;    4
   16;   11;   12; 4116;   33; 4162;    6;    1;    1;    1;    1;    1;    1;    1;    0;    0;    4
   16;   12;   12; 4119;   33; 4162;    6;    1;    1;    1;    1;    1;    1;    1;    0;    0;    4
   17;    1;   11; 5631;   30; 5706;    5;    1;    1;    1;    1;    1;    1;    1;    0;    0;    4
   17;    2;   11; 5634;   30; 5706;    5;    1;    1;    1;    1;    1;    1;    1;    0;    0;    0
   17;    3;   11; 5637;   30; 5706;    5;    1; 3565; 2514;  315; 3214;  186; 4010;11776;   69;    0
   17;    4;   11; 5640;   30; 5706;    5;    1; 4188; 2963;  445; 3910;  288; 4722;11579;   69;    0
   17;    5;   11; 5643;   30; 5706;    5;    1; 4372; 3080;  479; 4124;  310; 4913;11560;   69;    0
   17;    6;   11; 5646;   30; 5706;    5;    1; 4205; 2959;  472; 4012;  306; 4727;11546;   69;    0
   17;    7;   11; 5649;   30; 5706;    5;    1; 3730; 2612;  429; 3599;  284; 4191;11513;   69;    0
   17;    8;   11; 5652;   30; 5706;    5;    1; 2894; 2022;  310; 2870;  182; 3269;11707;   69;    4
   17;    9;   11; 5655;   30; 5706;    5;    1;    1;    1;    1;    1;    1;    1;    0;    0;    4
   17;   10;   11; 5658;   30; 5706;    5;    1;    1;    1;    1;    1;    1;    1;    0;    0;    4
   17;   11;   11; 5661;   30; 5706;    5;    1;    1;    1;    1;    1;    1;    1;    0;    0;    4
   16;    1;   12; 5634;   33; 5710;    6;    1;    1;    1;    1;    1;    1;    1;    0;    0;    4
   16;    2;   12; 5637;   33; 5710;    6;    1;    1;    1;    1;    1;    1;    1;    0;    0;    0
   16;    3;   12; 5640;   33; 5710;    6;    1; 2983; 2086;  282; 2596;  129; 3486;11878;  104;    0
   16;    4;   12; 5643;   33; 5710;    6;    1; 3580; 2511;  358; 3136;  159; 4160;11866;  138;    0
   16;    5;   12; 5646;   33; 5710;    6;    1; 3904; 2753;  396; 3429;  164; 4526;11902;  138;    0
   16;    6;   12; 5649;   33; 5710;    6;    1; 3833; 2716;  407; 3385;  164; 4430;11894;  138;    0
   16;    7;   12; 5652;   33; 5710;    6;    1; 3308; 2384;  375; 2967;  159; 3807;11830;  138;    0
   16;    8;   12; 5655;   33; 5710;    6;    1; 2456; 1808;  296; 2227;  129; 2781;11775;  138;    0
   16;    9;   12; 5658;   33; 5710;    6;    1; 1524; 1154;  207; 1423;  108; 1686;11551;  138;    4
   16;   10;   12; 5661;   33; 5710;    6;    1;    1;    1;    1;    1;    1;    1;    0;    0;    4
   16;   11;   12; 5664;   33; 5710;    6;    1;    1;    1;    1;    1;    1;    1;    0;    0;    4
   16;   12;   12; 5667;   33; 5710;    6;    1;    1;    1;    1;    1;    1;    1;    0;    0;    4
   16;    1;   12; 7113;   33; 7189;    7;    1;    1;    1;    1;    1;    1;    1;    0;    0;    0
   16;    2;   12; 7116;   33; 7189;    7;    1; 2706; 1920;  352; 2428;  108; 3033;11943;  208;    0
   16;    3;   12; 7119;   33; 7189;    7;    1; 3971; 2839;  647; 3600;  350; 4407;11284;  173;    0
   16;    4;   12; 7122;   33; 7189;    7;    1; 4961; 3559;  924; 4626;  518; 5548;11100;  173;    0
   16;    5;   12; 7125;   33; 7189;    7;    1; 5392; 3879; 1035; 5029;  566; 5992;11093;  208;    0
   16;    6;   12; 7128;   33; 7189;    7;    1; 5335; 3846; 1046; 4930;  566; 5919;11064;  208;    0
   16;    7;   12; 7131;   33; 7189;    7;    1; 4760; 3394;  935; 4380;  523; 5310;11007;  208;    0
   16;    8;   12; 7134;   33; 7189;    7;    1; 3643; 2581;  650; 3340;  268; 4086;11497;  243;    0
   16;    9;   12; 7137;   33; 7189;    7;    1; 2478; 1754;  388; 2218;  125; 2767;11795;  243;    4
   16;   10;   12; 7140;   33; 7189;    7;    1;    1;    1;    1;    1;    1;    1;    0;    0;    4
   16;   11;   12; 7143;   33; 7189;    7;    1;    1;    1;    1;    1;    1;    1;    0;    0;    4
   16;   12;   12; 7146;   33; 7189;    7;    1;    1;    1;    1;    1;    1;    1;    0;    0;    4
   15;    1;    6; 7122;   15; 7189;    4;    1; 1622; 1126;  299; 1369;  127; 1842;11340;  277;    0
   15;    2;    6; 7125;   15; 7189;    4;    1; 2090; 1445;  389; 1762;  137; 2366;11528;  312;    0
   15;    3;    6; 7128;   15; 7189;    4;    1; 2342; 1633;  442; 1976;  137; 2641;11633;  312;    0
   15;    4;    6; 7131;   15; 7189;    4;    1; 2262; 1595;  449; 1916;  165; 2529;11423;  312;    0
   15;    5;    6; 7134;   15; 7189;    4;    1; 1830; 1323;  399; 1581;  141; 2036;11385;  347;    0
   15;    6;    6; 7137;   15; 7189;    4;    1; 1284;  950;  306; 1102;  137; 1369;10946;  347;    0
   16;    1;   11;10578;   30;10653;    5;    1;    1;    1;    1;    1;    1;    1;    0;    0;    4
   16;    2;   11;10581;   30;10653;    5;    1;    1;    1;    1;    1;    1;    1;    0;    0;    0
   16;    3;   11;10584;   30;10653;    5;    1; 3299; 2251;  403; 3493;  281; 3734;11494;   69;    0
   16;    4;   11;10587;   30;10653;    5;    1; 4222; 2890;  632; 4628;  466; 4829;11241;   69;    0
   16;    5;   11;10590;   30;10653;    5;    1; 4655; 3210;  694; 5235;  505; 5333;11294;   69;    0
   16;    6;   11;10593;   30;10653;    5;    1; 4642; 3227;  707; 5295;  501; 5337;11317;   69;    0
   16;    7;   11;10596;   30;10653;    5;    1; 4132; 2854;  640; 4827;  475; 4787;11269;   69;    0
   16;    8;   11;10599;   30;10653;    5;    1; 3048; 2099;  425; 3690;  272; 3564;11578;   69;    4
   16;    9;   11;10602;   30;10653;    5;    1;    1;    1;    1;    1;    1;    1;    0;    0;    4
   16;   10;   11;10605;   30;10653;    5;    1;    1;    1;    1;    1;    1;    1;    0;    0;    4
   16;   11;   11;10608;   30;10653;    5;    1;    1;    1;    1;    1;    1;    1;    0;    0;    4
   17;    1;    9;10581;   24;10653;    4;    1;    1;    1;    1;    1;    1;    1;    0;    0;    0
   17;    2;    9;10584;   24;10653;    4;    1; 2233; 1528;  199; 2343;  133; 2617;11790;   34;    0
   17;    3;    9;10587;   24;10653;    4;    1; 2721; 1839;  244; 2920;  155; 3190;11836;   34;    0
   17;    4;    9;10590;   24;10653;    4;    1; 2873; 1930;  257; 3156;  155; 3372;11886;   69;    0
   17;    5;    9;10593;   24;10653;    4;    1; 2619; 1768;  260; 2965;  159; 3083;11829;   69;    0
   17;    6;    9;10596;   24;10653;    4;    1; 2069; 1406;  230; 2393;  150; 2412;11716;   69;    4
   17;    7;    9;10599;   24;10653;    4;    1;    1;    1;    1;    1;    1;    1;    0;    0;    4
   17;    8;    9;10602;   24;10653;    4;    1;    1;    1;    1;    1;    1;    1;    0;    0;    4
   17;    9;    9;10605;   24;10653;    4;    1;    1;    1;    1;    1;    1;    1;    0;    0;    4
   15;    1;    2;10587;    1;    0;    0; 1024;    1;    1;    1;    1;    1;    1;    0;    0;    4
   15;    2;    2;10590;    1;    0;    0; 1024;    1;    1;    1;    1;    1;    1;    0;    0;    4
   15;    1;    2;10593;    1;    0;    0; 1024;    1;    1;    1;    1;    1;    1;    0;    0;    4
   15;    2;    2;10596;    1;    0;    0; 1024;    1;    1;    1;    1;    1;    1;    0;    0;    4
   16;    1;   12;12051;   33;12127;    6;    1;    1;    1;    1;    1;    1;    1;    0;    0;    4
   16;    2;   12;12054;   33;12127;    6;    1;    1;    1;    1;    1;    1;    1;    0;    0;    0
   16;    3;   12;12057;   33;12127;    6;    1; 3294; 2390;  295; 3190;  164; 3614;11857;   69;    0
   16;    4;   12;12060;   33;12127;    6;    1; 4404; 3208;  516; 4444;  324; 4865;11588;   69;    0
   16;    5;   12;12063;   33;12127;    6;    1; 5071; 3698;  634; 5268;  354; 5617;11660;  104;    0
   16;    6;   12;12066;   33;12127;    6;    1; 5202; 3789;  705; 5503;  376; 5736;11645;  104;    0
   16;    7;   12;12069;   33;12127;    6;    1; 4712; 3432;  710; 5094;  358; 5186;11621;  138;    0
   16;    8;   12;12072;   33;12127;    6;    1; 3558; 2613;  564; 4012;  250; 3912;11721;  173;    0
   16;    9;   12;12075;   33;12127;    6;    1; 2346; 1719;  337; 2632;  125; 2556;11906;  173;    4
   16;   10;   12;12078;   33;12127;    6;    1;    1;    1;    1;    1;    1;    1;    0;    0;    4
   16;   11;   12;12081;   33;12127;    6;    1;    1;    1;    1;    1;    1;    1;    0;    0;    4
   16;   12;   12;12084;   33;12127;    6;    1;    1;    1;    1;    1;    1;    1;    0;    0;    4
   15;    1;    9;12054;   24;12126;    6;    1;    1;    1;    1;    1;    1;    1;    0;    0;    0
   15;    2;    9;12057;   24;12126;    6;    1; 2353; 1648;  185; 2314;  104; 2641;11938;   69;    0
   15;    3;    9;12060;   24;12126;    6;    1; 3069; 2160;  251; 3119;  141; 3451;11934;   69;    0
   15;    4;    9;12063;   24;12126;    6;    1; 3478; 2467;  299; 3644;  165; 3919;11934;   69;    0
   15;    5;    9;12066;   24;12126;    6;    1; 3435; 2442;  332; 3684;  165; 3868;11940;   69;    0
   15;    6;    9;12069;   24;12126;    6;    1; 2899; 2088;  331; 3229;  165; 3272;11861;  104;    0
   15;    7;    9;12072;   24;12126;    6;    1; 2104; 1540;  276; 2403;  132; 2321;11813;  104;    0
   15;    8;    9;12075;   24;12126;    6;    1; 1316;  983;  198; 1530;  113; 1435;11576;  104;    4
   15;    9;    9;12078;   24;12126;    6;    1;    1;    1;    1;    1;    1;    1;    0;    0;    0
   15;    1;    2;13599;    1;    0;    0; 1024;    1;    1;    1;    1;    1;    1;    0;    0;    4
   15;    2;    2;13602;    1;    0;    0; 1024;    1;    1;    1;    1;    1;    1;    0;    0;    4
   16;    1;    2;13599;    1;    0;    0; 1024;    1;    1;    1;    1;    1;    1;    0;    0;    4
   16;    2;    2;13602;    1;    0;    0; 1024;    1;    1;    1;    1;    1;    1;    0;    0;    4
   15;    1;   10;13605;   27;13678;    5;    1;    1;    1;    1;    1;    1;    1;    0;    0;    0
   15;    2;   10;13608;   27;13678;    5;    1; 3800; 2786;  393; 3833;  217; 4229;11792;   69;    0
   15;    3;   10;13611;   27;13678;    5;    1; 4457; 3297;  486; 4615;  250; 4927;11822;  104;    0
   15;    4;   10;13614;   27;13678;    5;    1; 4677; 3504;  504; 4938;  288; 5171;11770;   69;    0
   15;    5;   10;13617;   27;13678;    5;    1; 4306; 3275;  504; 4666;  312; 4774;11664;   69;    0
   15;    6;   10;13620;   27;13678;    5;    1; 3336; 2557;  424; 3752;  293; 3675;11523;   69;    0
   15;    7;   10;13623;   27;13678;    5;    1; 2150; 1681;  230; 2444;  108; 2361;11947;  104;    4
   15;    8;   10;13626;   27;13678;    5;    1;    1;    1;    1;    1;    1;    1;    0;    0;    4
   15;    9;   10;13629;   27;13678;    5;    1;    1;    1;    1;    1;    1;    1;    0;    0;    4
   15;   10;   10;13632;   27;13678;    5;    1;    1;    1;    1;    1;    1;    1;    0;    0;    4
   16;    1;    8;13605;   21;13675;    2;    1;    1;    1;    1;    1;    1;    1;    0;    0;    4
   16;    2;    8;13608;   21;13675;    2;    1;    1;    1;    1;    1;    1;    1;    0;    0;    0
   16;    3;    8;13611;   21;13675;    2;    1; 3531; 2624;  412; 3706;  108; 4050;12135;  173;    0
   16;    4;    8;13614;   21;13675;    2;    1; 3382; 2517;  331; 3606;  103; 3917;12142;  104;    0
   16;    5;    8;13617;   21;13675;    2;    1; 2894; 2152;  249; 3142;  103; 3381;12090;   69;    4
   16;    6;    8;13620;   21;13675;    2;    1;    1;    1;    1;    1;    1;    1;    0;    0;    4
   16;    7;    8;13623;   21;13675;    2;    1;    1;    1;    1;    1;    1;    1;    0;    0;    4
   16;    8;    8;13626;   21;13675;    2;    1;    1;    1;    1;    1;    1;    1;    0;    0;    4
