    9;    1;    6;20594;   15;20669;    5;    1;  677;  504;  161;  550;  119;  716; 9873;  204;    0
    9;    2;    6;20597;   15;20669;    5;    1; 1842; 1250;  228; 1688;  133; 2074;11607;  128;    0
    9;    3;    6;20600;   15;20669;    5;    1; 3092; 2008;  362; 3092;  276; 3562;11475;   64;    0
    9;    4;    6;20603;   15;20669;    5;    1; 3128; 2047;  387; 3424;  267; 3612;11617;   79;    0
    9;    5;    6;20606;   15;20669;    5;    1; 1905; 1321;  277; 2334;  165; 2169;11709;  108;    0
    9;    6;    6;20609;   15;20669;    5;    1;  703;  538;  173;  953;  133;  746;10841;  102;    0
   10;    1;    7;20594;   18;20672;    6;    1; 1518;  981;  177; 1292;  117; 1800;11458;  107;    0
   10;    2;    7;20597;   18;20672;    6;    1; 3148; 1953;  274; 2950;  158; 3833;11925;   87;    0
   10;    3;    7;20600;   18;20672;    6;    1; 4082; 2512;  390; 4229;  270; 5166;11795;   63;    0
   10;    4;    7;20603;   18;20672;    6;    1; 3970; 2472;  391; 4193;  244; 4924;11866;   78;    0
   10;    5;    7;20606;   18;20672;    6;    1; 2612; 1695;  282; 3125;  173; 3226;11902;   77;    0
   10;    6;    7;20609;   18;20672;    6;    1; 1053;  730;  178; 1390;  117; 1229;11539;  100;    0
   10;    7;    7;20612;   18;20672;    6;    1;  298;  261;  153;  313;  127;  221; 7487;  293;    0
   11;    1;    6;20594;   15;20669;    5;    1; 1563; 1029;  190; 1364;  122; 1927;11473;  114;    0
   11;    2;    6;20597;   15;20669;    5;    1; 3053; 1908;  299; 2880;  204; 3873;11707;   74;    0
   11;    3;    6;20600;   15;20669;    5;    1; 3759; 2333;  375; 3956;  227; 4834;11876;   83;    0
   11;    4;    6;20603;   15;20669;    5;    1; 3402; 2099;  340; 3758;  204; 4402;11916;   80;    0
   11;    5;    6;20606;   15;20669;    5;    1; 1997; 1298;  227; 2438;  131; 2483;11922;   87;    0
   11;    6;    6;20609;   15;20669;    5;    1;  669;  493;  151;  942;  118;  749;11021;   84;    0
   12;    1;    4;20600;    9;20669;    3;    1;  589;  425;  137;  545;  110;  739;10056;  130;    0
   12;    2;    4;20603;    9;20669;    3;    1;  886;  595;  149;  897;  106; 1191;11111;  114;    0
   12;    3;    4;20606;    9;20669;    3;    1;  794;  530;  152;  956;  106; 1098;11202;  113;    0
   12;    4;    4;20609;    9;20669;    3;    1;  452;  330;  130;  573;   97;  576;10467;  145;    0
   10;    1;    6;23204;   15;23279;    5;    1;  668;  493;  170;  492;  137;  699; 9091;  195;    0
   10;    2;    6;23207;   15;23279;    5;    1; 1814; 1179;  209; 1693;  127; 2186;11654;  109;    0
   10;    3;    6;23210;   15;23279;    5;    1; 3047; 1921;  299; 3036;  153; 3776;11965;  106;    0
   10;    4;    6;23213;   15;23279;    5;    1; 3229; 2046;  405; 3602;  270; 4008;11655;   85;    0
   10;    5;    6;23216;   15;23279;    5;    1; 2067; 1344;  309; 2698;  224; 2608;11553;   72;    0
   10;    6;    6;23219;   15;23279;    5;    1;  751;  521;  169; 1075;  122;  869;11170;  103;    0
    9;    1;    5;23210;   12;23282;    4;    1; 1234;  838;  194; 1145;  138; 1437;11081;  116;    0
    9;    2;    5;23213;   12;23282;    4;    1; 2118; 1372;  231; 2200;  142; 2557;11786;   90;    0
    9;    3;    5;23216;   12;23282;    4;    1; 1903; 1232;  230; 2351;  133; 2353;11887;   91;    0
    9;    4;    5;23219;   12;23282;    4;    1;  984;  683;  182; 1295;  133; 1149;11305;   88;    0
    9;    5;    5;23222;   12;23282;    4;    1;  345;  292;  158;  440;  133;  333; 8791;  171;    0
   11;    1;    5;23210;   12;23282;    4;    1; 1510; 1015;  172; 1325;  113; 1844;11525;  102;    0
   11;    2;    5;23213;   12;23282;    4;    1; 2875; 1856;  253; 2688;  127; 3546;12004;  103;    0
   11;    3;    5;23216;   12;23282;    4;    1; 3253; 2057;  338; 3506;  195; 4126;11899;   90;    0
   11;    4;    5;23219;   12;23282;    4;    1; 2029; 1331;  268; 2625;  177; 2585;11750;   78;    0
   11;    5;    5;23222;   12;23282;    4;    1;  664;  488;  140; 1001;   95;  786;11404;  104;    0
   10;    1;    7;30794;   18;30872;    6;    1;  729;  542;  180;  531;  153;  802; 8969;  150;    0
   10;    2;    7;30797;   18;30872;    6;    1; 1858; 1314;  253; 1631;  173; 2212;11263;  115;    0
   10;    3;    7;30800;   18;30872;    6;    1; 3481; 2407;  448; 3250;  275; 4245;11533;  122;    0
   10;    4;    7;30803;   18;30872;    6;    1; 4449; 3120;  683; 4651;  505; 5433;11231;   90;    0
   10;    5;    7;30806;   18;30872;    6;    1; 4131; 2818;  560; 4617;  408; 5078;11486;   75;    0
   10;    6;    7;30809;   18;30872;    6;    1; 2424; 1668;  253; 3012;  112; 2994;12131;  102;    0
   10;    7;    7;30812;   18;30872;    6;    1;  809;  597;  156; 1167;  122;  931;11282;   68;    0
    9;    1;    6;30800;   15;30875;    5;    1; 1375;  994;  236; 1189;  165; 1527;10851;  145;    0
    9;    2;    6;30803;   15;30875;    5;    1; 2762; 1926;  335; 2619;  239; 3184;11450;   84;    0
    9;    3;    6;30806;   15;30875;    5;    1; 3303; 2284;  373; 3530;  248; 3880;11714;   79;    0
    9;    4;    6;30809;   15;30875;    5;    1; 2406; 1653;  262; 2926;  142; 2875;11988;   90;    0
    9;    5;    6;30812;   15;30875;    5;    1; 1044;  755;  163; 1392;  115; 1184;11559;   78;    0
    9;    6;    6;30815;   15;30875;    5;    1;  345;  287;  160;  387;  133;  293; 8269;  223;    0
   11;    1;    7;30800;   18;30878;    6;    1; 1344;  884;  166; 1147;  109; 1669;11402;  115;    0
   11;    2;    7;30803;   18;30878;    6;    1; 2715; 1730;  238; 2433;  122; 3380;11968;  105;    0
   11;    3;    7;30806;   18;30878;    6;    1; 3972; 2555;  382; 3905;  232; 5073;11851;   85;    0
   11;    4;    7;30809;   18;30878;    6;    1; 4095; 2645;  405; 4433;  232; 5266;11940;   86;    0
   11;    5;    7;30812;   18;30878;    6;    1; 2580; 1707;  271; 3249;  136; 3284;12072;   91;    0
   11;    6;    7;30815;   18;30878;    6;    1;  922;  655;  152; 1279;   95; 1090;11664;  101;    0
   11;    7;    7;30818;   18;30878;    6;    1;  279;  235;  143;  227;  131;  211; 5328;  262;    0
   12;    1;    4;30812;    9;30881;    3;    1;  987;  667;  159;  959;  110; 1335;11154;  121;    0
   12;    2;    4;30815;    9;30881;    3;    1; 1171;  771;  164; 1321;  106; 1651;11588;  100;    0
   12;    3;    4;30818;    9;30881;    3;    1;  741;  534;  146;  963;  102;  991;11265;  107;    0
   12;    4;    4;30821;    9;30881;    3;    1;  281;  250;  138;  381;  102;  311; 9226;  270;    0
    9;    1;    4;32954;    9;33023;    3;    1;  582;  415;  180;  528;  142;  631; 9211;  206;    0
    9;    2;    4;32957;    9;33023;    3;    1;  953;  637;  178;  973;  129; 1079;10929;  121;    0
    9;    3;    4;32960;    9;33023;    3;    1;  905;  613;  173; 1077;  115; 1059;11254;  126;    0
    9;    4;    4;32963;    9;33023;    3;    1;  528;  392;  168;  652;  129;  572;10107;  156;    0
   10;    1;    6;32954;   15;33029;    5;    1; 1178;  764;  187; 1092;  127; 1379;11134;  130;    0
   10;    2;    6;32957;   15;33029;    5;    1; 2255; 1394;  219; 2214;  122; 2665;11905;   97;    0
   10;    3;    6;32960;   15;33029;    5;    1; 2720; 1686;  251; 3002;  137; 3288;12024;   83;    0
   10;    4;    6;32963;   15;33029;    5;    1; 2065; 1322;  233; 2548;  127; 2485;11971;   91;    0
   10;    5;    6;32966;   15;33029;    5;    1;  937;  653;  182; 1271;  117; 1070;11440;  118;    0
   10;    6;    6;32969;   15;33029;    5;    1;  298;  256;  164;  361;  127;  262; 8167;  332;    0
   11;    1;    6;32954;   15;33029;    5;    1;  708;  486;  143;  620;  118;  832;10201;  104;    0
   11;    2;    6;32957;   15;33029;    5;    1; 1712; 1091;  198; 1626;  113; 2120;11724;  117;    0
   11;    3;    6;32960;   15;33029;    5;    1; 2854; 1816;  316; 2959;  236; 3555;11595;   61;    0
   11;    4;    6;32963;   15;33029;    5;    1; 3038; 1969;  384; 3505;  254; 3790;11686;   83;    0
   11;    5;    6;32966;   15;33029;    5;    1; 1788; 1237;  296; 2392;  186; 2161;11620;  104;    0
   11;    6;    6;32969;   15;33029;    5;    1;  539;  429;  161;  829;  113;  574;10882;  140;    0
   12;    1;    2;32972;    3;    0;    1;  512;  711;  505;  153;  754;  115;  921;10678;  124;    0
   12;    2;    2;32975;    3;    0;    1;  512;  518;  398;  149;  633;  102;  651;10569;  185;    0
   10;    1;    6;39230;   15;39305;    5;    1;  603;  449;  173;  454;  147;  627; 8520;  177;    0
   10;    2;    6;39233;   15;39305;    5;    1; 1676; 1139;  279; 1591;  188; 2032;11111;  136;    0
   10;    3;    6;39236;   15;39305;    5;    1; 2549; 1643;  378; 2786;  255; 3252;11446;  102;    0
   10;    4;    6;39239;   15;39305;    5;    1; 1995; 1313;  311; 2537;  224; 2485;11487;   78;    0
   10;    5;    6;39242;   15;39305;    5;    1;  889;  632;  202; 1192;  127; 1039;11257;  147;    0
   10;    6;    6;39245;   15;39305;    5;    1;  286;  258;  164;  339;  137;  241; 7507;  280;    0
   11;    1;    6;39230;   15;39305;    5;    1;  776;  528;  165;  606;  145;  906; 9585;   91;    0
   11;    2;    6;39233;   15;39305;    5;    1; 1920; 1213;  247; 1818;  159; 2479;11498;  111;    0
   11;    3;    6;39236;   15;39305;    5;    1; 2797; 1695;  333; 3025;  186; 3744;11825;  108;    0
   11;    4;    6;39239;   15;39305;    5;    1; 2347; 1449;  298; 2873;  186; 3072;11784;   87;    0
   11;    5;    6;39242;   15;39305;    5;    1; 1206;  783;  200; 1536;  118; 1476;11632;  121;    0
   11;    6;    6;39245;   15;39305;    5;    1;  358;  290;  147;  494;  122;  363; 9488;  141;    0
   12;    1;    5;39236;   12;39308;    4;    1;  879;  610;  168;  811;  119; 1126;10751;  148;    0
   12;    2;    5;39239;   12;39308;    4;    1; 1530;  984;  176; 1543;  110; 2033;11701;   96;    0
   12;    3;    5;39242;   12;39308;    4;    1; 1533;  990;  183; 1798;  106; 2098;11857;   95;    0
   12;    4;    5;39245;   12;39308;    4;    1;  939;  645;  169; 1171;  119; 1191;11319;   99;    0
   12;    5;    5;39248;   12;39308;    4;    1;  347;  283;  148;  477;  124;  381; 9324;  142;    0
