    9;    1;    4; 8712;    9; 8781;    3;    8;  669;  512;  325;  312;  198;  631; 4923; 2315;    0
    9;    2;    4; 8715;    9; 8781;    3;    8;  765;  568;  361;  334;  207;  726; 5375; 2469;    0
    9;    3;    4; 8718;    9; 8781;    3;    8;  642;  476;  329;  295;  179;  612; 5744; 2576;    0
    9;    4;    4; 8721;    9; 8781;    3;    8;  413;  327;  249;  250;  161;  408; 4485; 2076;    0
   10;    1;    8; 8700;   21; 8781;    7;    8; 1314;  918;  509;  405;  219; 1250; 7178; 2854;    0
   10;    2;    8; 8703;   21; 8781;    7;    8; 2522; 1738;  964;  701;  357; 2361; 7933; 3010;    0
   10;    3;    8; 8706;   21; 8781;    7;    8; 3692; 2502; 1443; 1089;  597; 3514; 7387; 2979;    0
   10;    4;    8; 8709;   21; 8781;    7;    8; 4000; 2710; 1634; 1233;  663; 3792; 7487; 2968;    0
   10;    5;    8; 8712;   21; 8781;    7;    8; 3263; 2202; 1383; 1050;  556; 3107; 7534; 2946;    0
   10;    6;    8; 8715;   21; 8781;    7;    8; 1936; 1332;  865;  664;  321; 1795; 7924; 2876;    0
   10;    7;    8; 8718;   21; 8781;    7;    8;  818;  595;  434;  353;  188;  766; 7141; 2792;    0
   10;    8;    8; 8721;   21; 8781;    7;    8;  282;  248;  212;  215;  158;  246; 3340; 1989;    0
   11;    1;    8; 8700;   21; 8781;    7;    8; 1437; 1008;  567;  445;  245; 1458; 7155; 2896;    0
   11;    2;    8; 8703;   21; 8781;    7;    8; 2728; 1887; 1081;  793;  404; 2704; 7891; 2994;    0
   11;    3;    8; 8706;   21; 8781;    7;    8; 4080; 2781; 1689; 1294;  727; 4052; 7176; 2963;    0
   11;    4;    8; 8709;   21; 8781;    7;    8; 4547; 3131; 2027; 1570;  864; 4494; 7229; 2926;    0
   11;    5;    8; 8712;   21; 8781;    7;    8; 3995; 2735; 1861; 1446;  773; 3992; 7366; 2902;    0
   11;    6;    8; 8715;   21; 8781;    7;    8; 2520; 1762; 1277;  988;  482; 2488; 7844; 2864;    0
   11;    7;    8; 8718;   21; 8781;    7;    8; 1168;  835;  637;  519;  263; 1140; 7397; 2763;    0
   11;    8;    8; 8721;   21; 8781;    7;    8;  337;  308;  272;  257;  163;  275; 5049; 2389;    0
   12;    1;    5; 8712;   12; 8784;    4;    8;  953;  710;  491;  412;  239; 1070; 6466; 2759;    0
   12;    2;    5; 8715;   12; 8784;    4;    8; 1437; 1044;  732;  607;  350; 1600; 6575; 2788;    0
   12;    3;    5; 8718;   12; 8784;    4;    8; 1471; 1076;  817;  695;  381; 1665; 6724; 2688;    0
   12;    4;    5; 8721;   12; 8784;    4;    8; 1042;  782;  638;  556;  301; 1139; 6655; 2611;    0
   12;    5;    5; 8724;   12; 8784;    4;    8;  513;  414;  361;  334;  190;  539; 5968; 2432;    0
   11;    1;    8;13098;   21;13179;    7;    8;  628;  469;  303;  304;  168;  639; 5636; 2084;    0
   11;    2;    8;13101;   21;13179;    7;    8; 1597; 1105;  704;  623;  282; 1701; 7552; 2504;    0
   11;    3;    8;13104;   21;13179;    7;    8; 2864; 1960; 1256; 1071;  486; 3063; 7724; 2605;    0
   11;    4;    8;13107;   21;13179;    7;    8; 3788; 2567; 1721; 1449;  664; 4084; 7738; 2641;    0
   11;    5;    8;13110;   21;13179;    7;    8; 3825; 2598; 1778; 1475;  673; 4061; 7830; 2676;    0
   11;    6;    8;13113;   21;13179;    7;    8; 2822; 1927; 1406; 1231;  550; 2994; 7671; 2530;    0
   11;    7;    8;13116;   21;13179;    7;    8; 1519; 1046;  798;  730;  295; 1568; 7942; 2384;    0
   11;    8;    8;13119;   21;13179;    7;    8;  554;  415;  369;  381;  177;  556; 6746; 1976;    0
   10;    1;    7;13104;   18;13182;    6;    8; 1223;  885;  621;  568;  306; 1219; 6391; 2454;    0
   10;    2;    7;13107;   18;13182;    6;    8; 2311; 1657; 1095;  932;  469; 2238; 7203; 2647;    0
   10;    3;    7;13110;   18;13182;    6;    8; 3207; 2270; 1533; 1307;  673; 3149; 7068; 2652;    0
   10;    4;    7;13113;   18;13182;    6;    8; 3178; 2252; 1622; 1388;  714; 3113; 7053; 2642;    0
   10;    5;    7;13116;   18;13182;    6;    8; 2248; 1576; 1286; 1186;  591; 2248; 6809; 2403;    0
   10;    6;    7;13119;   18;13182;    6;    8; 1123;  807;  713;  691;  316; 1101; 7015; 2217;    0
   10;    7;    7;13122;   18;13182;    6;    8;  420;  333;  321;  341;  188;  401; 5653; 1825;    0
   12;    1;    6;13110;   15;13185;    5;    8;  731;  539;  292;  304;  146;  818; 6548; 1940;    0
   12;    2;    6;13113;   15;13185;    5;    8; 1333;  942;  493;  528;  208; 1502; 7636; 1870;    0
   12;    3;    6;13116;   15;13185;    5;    8; 1734; 1209;  651;  710;  257; 1977; 8039; 1826;    0
   12;    4;    6;13119;   15;13185;    5;    8; 1538; 1099;  641;  719;  248; 1754; 8253; 1752;    0
   12;    5;    6;13122;   15;13185;    5;    8;  963;  721;  459;  520;  195; 1084; 7875; 1705;    0
   12;    6;    6;13125;   15;13185;    5;    8;  427;  349;  272;  324;  146;  469; 6922; 1486;    0
    9;    1;    2;22662;    3;    0;    1;  512;  622;  456;  397;  398;  235;  641; 5160; 2087;    0
    9;    2;    2;22665;    3;    0;    1;  512;  526;  395;  346;  354;  207;  542; 5232; 1985;    0
   10;    1;    7;22644;   18;22722;    6;    8;  716;  513;  400;  440;  219;  704; 6328; 1719;    0
   10;    2;    7;22647;   18;22722;    6;    8; 1751; 1189;  968; 1059;  489; 1785; 6781; 1764;    0
   10;    3;    7;22650;   18;22722;    6;    8; 2979; 1975; 1587; 1686;  801; 3061; 6613; 1865;    0
   10;    4;    7;22653;   18;22722;    6;    8; 3439; 2296; 1807; 1790;  816; 3478; 6910; 2137;    0
   10;    5;    7;22656;   18;22722;    6;    8; 2724; 1846; 1438; 1346;  597; 2742; 7368; 2330;    0
   10;    6;    7;22659;   18;22722;    6;    8; 1463; 1038;  797;  715;  311; 1415; 7683; 2455;    0
   10;    7;    7;22662;   18;22722;    6;    8;  507;  399;  345;  315;  163;  463; 6646; 2447;    0
   11;    1;    7;22644;   18;22722;    6;    8; 1307;  897;  601;  768;  304; 1402; 7612; 1344;    0
   11;    2;    7;22647;   18;22722;    6;    8; 2766; 1896; 1266; 1492;  545; 2907; 7997; 1598;    0
   11;    3;    7;22650;   18;22722;    6;    8; 4067; 2756; 1828; 2030;  855; 4222; 7293; 1738;    0
   11;    4;    7;22653;   18;22722;    6;    8; 4116; 2824; 1807; 1812;  787; 4149; 7127; 2089;    0
   11;    5;    7;22656;   18;22722;    6;    8; 2802; 1938; 1305; 1273;  523; 2856; 7550; 2186;    0
   11;    6;    7;22659;   18;22722;    6;    8; 1309;  918;  632;  588;  232; 1315; 7974; 2331;    0
   11;    7;    7;22662;   18;22722;    6;    8;  385;  330;  277;  243;  136;  335; 6413; 2607;    0
   12;    1;    5;22650;   12;22722;    4;    8; 1249;  937;  579;  739;  283; 1405; 7774; 1363;    0
   12;    2;    5;22653;   12;22722;    4;    8; 2114; 1526;  943; 1263;  452; 2396; 8090; 1271;    0
   12;    3;    5;22656;   12;22722;    4;    8; 2088; 1503;  948; 1359;  434; 2386; 8576; 1166;    0
   12;    4;    5;22659;   12;22722;    4;    8; 1219;  910;  592;  854;  252; 1367; 8881; 1186;    0
   12;    5;    5;22662;   12;22722;    4;    8;  455;  376;  269;  334;  141;  446; 7280; 1392;    0
   12;    1;    3;25680;    6;    0;    2;  512;  630;  486;  387;  360;  230;  721; 5111; 2462;    0
   12;    2;    3;25683;    6;    0;    2;  512;  748;  565;  486;  466;  283;  879; 5262; 2307;    0
   12;    3;    3;25686;    6;    0;    2;  512;  505;  402;  389;  374;  230;  600; 5150; 2299;    0
   11;    1;    7;25668;   18;25746;    6;    8;  709;  561;  355;  333;  191;  680; 5820; 2382;    0
   11;    2;    7;25671;   18;25746;    6;    8; 1943; 1426;  899;  784;  404; 1927; 6937; 2588;    0
   11;    3;    7;25674;   18;25746;    6;    8; 3435; 2420; 1614; 1377;  759; 3468; 6674; 2683;    0
   11;    4;    7;25677;   18;25746;    6;    8; 3797; 2662; 1941; 1616;  868; 3886; 6965; 2737;    0
   11;    5;    7;25680;   18;25746;    6;    8; 2666; 1879; 1501; 1254;  636; 2723; 7261; 2700;    0
   11;    6;    7;25683;   18;25746;    6;    8; 1220;  873;  759;  631;  318; 1214; 7320; 2710;    0
   11;    7;    7;25686;   18;25746;    6;    8;  371;  313;  291;  267;  154;  303; 5931; 2468;    0
   10;    1;    6;25674;   15;25749;    5;    8; 1316;  963;  516;  501;  275; 1152; 5884; 2231;    0
   10;    2;    6;25677;   15;25749;    5;    8; 2410; 1673;  891;  786;  392; 2119; 7056; 2542;    0
   10;    3;    6;25680;   15;25749;    5;    8; 3008; 2020; 1135;  922;  443; 2686; 7682; 2747;    0
   10;    4;    6;25683;   15;25749;    5;    8; 2585; 1718; 1032;  810;  382; 2366; 7936; 2818;    0
   10;    5;    6;25686;   15;25749;    5;    8; 1512; 1040;  681;  540;  260; 1358; 7789; 2804;    0
   10;    6;    6;25689;   15;25749;    5;    8;  561;  427;  347;  316;  178;  509; 6136; 2486;    0
    9;    1;    3;25686;    6;    0;    2;  512;  783;  563;  345;  328;  198;  706; 5368; 2343;    0
    9;    2;    3;25689;    6;    0;    2;  512;  741;  540;  354;  328;  193;  686; 5730; 2440;    0
    9;    3;    3;25692;    6;    0;    2;  512;  493;  375;  285;  277;  170;  462; 5084; 2247;    0
   11;    1;    6;34662;   15;34737;    5;    8; 1326;  938;  566;  694;  282; 1352; 7480; 1447;    0
   11;    2;    6;34665;   15;34737;    5;    8; 2734; 1917; 1121; 1238;  491; 2750; 7602; 1771;    0
   11;    3;    6;34668;   15;34737;    5;    8; 3859; 2678; 1584; 1716;  700; 3873; 7460; 1827;    0
   11;    4;    6;34671;   15;34737;    5;    8; 3634; 2526; 1526; 1683;  677; 3629; 7531; 1772;    0
   11;    5;    6;34674;   15;34737;    5;    8; 2137; 1529;  994; 1095;  395; 2097; 8054; 1797;    0
   11;    6;    6;34677;   15;34737;    5;    8;  780;  590;  413;  438;  181;  726; 7393; 1895;    0
   12;    1;    7;34662;   18;34740;    6;    8; 1072;  780;  510;  533;  257; 1167; 6524; 1925;    0
   12;    2;    7;34665;   18;34740;    6;    8; 2290; 1614; 1049;  988;  443; 2442; 7278; 2312;    0
   12;    3;    7;34668;   18;34740;    6;    8; 3415; 2337; 1549; 1368;  647; 3722; 7337; 2522;    0
   12;    4;    7;34671;   18;34740;    6;    8; 3552; 2430; 1645; 1382;  647; 3847; 7644; 2654;    0
   12;    5;    7;34674;   18;34740;    6;    8; 2468; 1730; 1280; 1118;  496; 2647; 7717; 2534;    0
   12;    6;    7;34677;   18;34740;    6;    8; 1153;  838;  668;  619;  274; 1228; 7431; 2362;    0
   12;    7;    7;34680;   18;34740;    6;    8;  319;  293;  259;  259;  137;  246; 5935; 2100;    0
   10;    1;    5;34668;   12;34740;    4;    1; 1045;  764;  458;  625;  255; 1039; 7459; 1152;    0
   10;    2;    5;34671;   12;34740;    4;    1; 1746; 1231;  700; 1079;  357; 1775; 8431;  997;    0
   10;    3;    5;34674;   12;34740;    4;    1; 1669; 1192;  708; 1151;  341; 1749; 8867;  951;    0
   10;    4;    5;34677;   12;34740;    4;    1;  946;  709;  471;  723;  244;  946; 8347;  995;    0
   10;    5;    5;34680;   12;34740;    4;    1;  345;  301;  250;  311;  153;  319; 6401; 1289;    0
   13;    1;    4;34668;    9;34737;    3;    8;  617;  490;  353;  346;  195;  676; 5639; 2194;    0
   13;    2;    4;34671;    9;34737;    3;    8;  954;  715;  495;  474;  251; 1071; 6210; 2281;    0
   13;    3;    4;34674;    9;34737;    3;    8;  977;  730;  514;  467;  242; 1112; 6667; 2463;    0
   13;    4;    4;34677;    9;34737;    3;    8;  659;  514;  388;  358;  187;  713; 6527; 2414;    0
